match_id,match_date,match_order,home_team_id,away_team_id,match_result,previous5_points_home,previous5_points_away,previous5_goals_for_home,previous5_goals_for_away,previous5_goals_against_home,previous5_goals_against_away,previous5_shots_home,previous5_shots_away,previous5_xg_home,previous5_xg_away,previous5_Pass_home,previous5_Pass_away,previous5_Pressure_home,previous5_Pressure_away,previous5_Carry_home,previous5_Carry_away,previous5_Duel_home,previous5_Duel_away,previous5_Interception_home,previous5_Interception_away,previous5_Clearance_home,previous5_Clearance_away,previous5_home_points,previous5_away_points,previous5_home_goals_for,previous5_away_goals_for,previous5_home_goals_against,previous5_away_goals_against,previous5_home_xg,previous5_away_xg,form_points_diff,goals_for_diff,goals_against_diff,shots_diff,xg_diff,passes_diff,pressures_diff,carries_diff,duels_diff,interceptions_diff,clearances_diff,home_away_points_diff,home_away_goals_for_diff,home_away_goals_against_diff,home_away_xg_diff
3754098,2015-10-31,100,33,24,AWAY_WIN,1.4,1.4,1.6,1.2,1.4,1.0,13.8,16.2,1.0449629571399999,1.3162253747800001,557.6,555.0,158.4,160.2,420.4,455.2,49.8,43.8,7.2,7.4,21.2,25.0,1.4,1.2,1.6,0.6,1.4,0.8,1.1730648018,0.80465485332,0.0,0.40000000000000013,0.3999999999999999,-2.3999999999999986,-0.27126241764000025,2.6000000000000227,-1.799999999999983,-34.80000000000001,6.0,-0.20000000000000018,-3.8000000000000007,0.19999999999999996,1.0,0.5999999999999999,0.3684099484800001
3753983,2015-10-31,101,26,1,AWAY_WIN,1.0,2.4,1.0,2.6,1.4,1.0,11.6,17.0,1.0375930587,2.02953960086,513.4,530.0,118.0,130.0,396.4,434.6,34.4,37.8,6.4,8.2,25.6,25.0,1.6,2.4,1.2,2.2,0.8,1.0,0.99204314884,1.9603907933599998,-1.4,-1.6,0.3999999999999999,-5.4,-0.9919465421600002,-16.600000000000023,-12.0,-38.200000000000045,-3.3999999999999986,-1.799999999999999,0.6000000000000014,-0.7999999999999998,-1.0000000000000002,-0.19999999999999996,-0.9683476445199998
3754006,2015-10-31,102,27,22,AWAY_WIN,1.8,1.6,1.0,1.8,1.0,2.0,8.6,16.6,0.81084667518,2.0332645482,398.0,411.4,105.6,147.8,271.2,282.4,45.8,51.8,4.6,6.0,38.0,28.0,0.8,1.8,1.0,1.8,1.8,1.4,1.0735644305,1.8571441796000001,0.19999999999999996,-0.8,-1.0,-8.000000000000002,-1.22241787302,-13.399999999999977,-42.20000000000002,-11.199999999999989,-6.0,-1.4000000000000004,10.0,-1.0,-0.8,0.40000000000000013,-0.7835797491000001
3754090,2015-10-31,103,37,30,DRAW,0.8,2.0,2.0,1.2,3.0,1.0,13.2,10.0,1.6574177585999998,1.121770824,433.4,485.4,136.6,146.6,328.2,377.6,45.6,44.2,11.2,8.0,25.2,20.8,1.0,1.6,2.2,1.0,1.8,1.0,1.1581311414,1.25005666892,-1.2,0.8,2.0,3.1999999999999993,0.5356469345999999,-52.0,-10.0,-49.400000000000034,1.3999999999999986,3.1999999999999993,4.399999999999999,-0.6000000000000001,1.2000000000000002,0.8,-0.09192552751999994
3754167,2015-10-31,104,36,56,HOME_WIN,1.4,0.4,2.6,1.2,1.6,2.4,19.0,14.8,2.31999443478,1.03337710452,592.2,525.0,126.6,95.6,462.4,399.2,40.4,40.2,4.8,3.2,23.2,36.2,2.4,1.0,3.4,1.6,0.8,2.6,2.6230688030000002,1.0219016782199999,0.9999999999999999,1.4000000000000001,-0.7999999999999998,4.199999999999999,1.28661733026,67.20000000000005,31.0,63.19999999999999,0.19999999999999574,1.5999999999999996,-13.000000000000004,1.4,1.7999999999999998,-1.8,1.6011671247800003
3754223,2015-10-31,105,31,39,DRAW,1.2,2.0,0.8,1.8,1.0,1.0,13.0,9.2,1.2055232203200001,1.3584419520000002,439.0,624.2,131.4,122.2,321.8,491.6,47.6,35.0,5.6,3.8,26.2,23.0,1.2,1.8,1.2,1.6,1.4,1.4,1.18145037722,1.1094382840800001,-0.8,-1.0,0.0,3.8000000000000007,-0.15291873168000003,-185.20000000000005,9.200000000000003,-169.8,12.600000000000001,1.7999999999999998,3.1999999999999993,-0.6000000000000001,-0.40000000000000013,0.0,0.0720120931399999
3754273,2015-10-31,106,23,40,HOME_WIN,1.4,2.2,1.0,2.2,1.2,1.4,11.8,15.6,0.9808758123999999,1.6633399807200004,393.0,437.2,151.8,135.4,275.4,354.2,47.2,43.2,5.6,3.2,29.0,31.0,1.0,2.6,0.2,2.4,0.8,0.8,0.90265197482,1.2820839728,-0.8000000000000003,-1.2000000000000002,-0.19999999999999996,-3.799999999999999,-0.6824641683200006,-44.19999999999999,16.400000000000006,-78.80000000000001,4.0,2.3999999999999995,-2.0,-1.6,-2.1999999999999997,0.0,-0.37943199797999994
3754082,2015-11-01,107,29,41,HOME_WIN,1.0,0.8,1.0,1.0,1.6,1.6,13.6,9.6,1.2228820516599999,0.9505284203999999,491.2,386.4,158.6,153.8,387.0,259.4,41.4,48.2,5.2,7.0,21.2,31.0,1.0,0.2,1.2,0.8,1.8,2.4,0.8823179706600002,0.7212597686,0.19999999999999996,0.0,0.0,4.0,0.27235363126,104.80000000000001,4.799999999999983,127.60000000000002,-6.800000000000004,-1.7999999999999998,-9.8,0.8,0.3999999999999999,-0.5999999999999999,0.1610582020600002
3754191,2015-11-01,108,25,28,HOME_WIN,1.6,0.8,2.2,1.2,1.6,2.6,13.6,11.2,1.5413187169,0.8471878693999999,423.4,522.4,148.8,137.4,287.2,376.2,38.2,38.2,4.6,3.8,28.6,18.8,1.4,0.6,2.0,1.4,1.8,2.8,1.6376075835,1.19298481338,0.8,1.0000000000000002,-1.0,2.4000000000000004,0.6941308475000001,-99.0,11.400000000000006,-89.0,0.0,0.7999999999999998,9.8,0.7999999999999999,0.6000000000000001,-0.9999999999999998,0.44462277011999984
3754029,2015-11-02,109,38,59,HOME_WIN,2.2,0.0,2.4,0.6,0.8,1.8,17.0,11.0,1.6138069672999997,0.7881211805999999,497.2,466.2,146.8,144.4,394.4,352.8,50.2,43.2,5.4,6.4,29.2,31.4,1.8,0.6,1.4,1.2,0.6,2.0,1.5057811593000001,0.88844016612,2.2,1.7999999999999998,-1.0,6.0,0.8256857866999998,31.0,2.4000000000000057,41.599999999999966,7.0,-1.0,-2.1999999999999993,1.2000000000000002,0.19999999999999996,-1.4,0.6173409931800001
3754238,2015-11-07,110,28,37,AWAY_WIN,0.2,1.0,0.8,1.8,3.0,2.6,11.4,13.0,0.9153962888,1.6481228488,533.0,410.6,139.6,129.6,382.8,310.8,37.4,44.8,4.8,11.0,18.4,25.6,1.0,0.2,1.0,0.2,1.6,2.6,0.8248968994,1.0933316452999997,-0.8,-1.0,0.3999999999999999,-1.5999999999999996,-0.7327265599999999,122.39999999999998,10.0,72.0,-7.399999999999999,-6.2,-7.200000000000003,0.8,0.8,-1.0,-0.2684347458999997
3754000,2015-11-07,111,41,25,AWAY_WIN,0.8,2.2,1.4,2.2,2.4,1.0,11.2,12.6,1.2218310214,1.38320638336,366.4,443.4,147.2,152.0,252.2,297.0,46.4,40.2,6.8,5.4,33.0,30.2,1.0,1.4,1.4,1.2,1.4,0.8,1.09366326438,1.2813217725000001,-1.4000000000000001,-0.8000000000000003,1.4,-1.4000000000000004,-0.1613753619599998,-77.0,-4.800000000000011,-44.80000000000001,6.199999999999996,1.3999999999999995,2.8000000000000007,-0.3999999999999999,0.19999999999999996,0.5999999999999999,-0.18765850812000018
3754156,2015-11-07,112,22,23,HOME_WIN,2.0,1.4,2.0,1.0,2.0,1.0,16.8,13.6,2.0468763314,1.1184208084600002,409.8,402.2,143.4,153.0,273.6,284.0,53.2,48.0,5.6,5.2,27.8,30.2,2.0,1.6,2.2,1.4,2.0,1.2,1.4621781824,0.8652578099399999,0.6000000000000001,1.0,1.0,3.200000000000001,0.9284555229399998,7.600000000000023,-9.599999999999994,-10.399999999999977,5.200000000000003,0.39999999999999947,-2.3999999999999986,0.3999999999999999,0.8000000000000003,0.8,0.5969203724600001
3754194,2015-11-07,113,40,29,DRAW,1.6,1.4,1.8,2.2,1.6,2.0,16.0,13.2,1.67788704918,1.33279052426,464.2,535.6,138.0,147.0,364.8,416.2,41.0,39.4,3.0,5.0,29.6,22.2,1.4,1.6,2.0,1.4,1.8,0.8,1.53239665272,1.1046471772,0.20000000000000018,-0.40000000000000013,-0.3999999999999999,2.8000000000000007,0.34509652492,-71.40000000000003,-9.0,-51.39999999999998,1.6000000000000014,-2.0,7.400000000000002,-0.20000000000000018,0.6000000000000001,1.0,0.42774947552
3754297,2015-11-07,114,39,27,HOME_WIN,1.6,1.2,1.2,1.2,0.6,1.6,8.2,8.8,1.1494738616000002,1.0239028870799998,599.8,407.0,130.0,110.6,465.6,270.2,38.8,45.4,3.4,3.6,22.8,35.6,2.2,2.0,1.4,0.6,0.2,0.4,1.2397552915999999,0.72095971932,0.40000000000000013,0.0,-1.0,-0.6000000000000014,0.12557097452000043,192.79999999999995,19.400000000000006,195.40000000000003,-6.600000000000001,-0.20000000000000018,-12.8,0.20000000000000018,0.7999999999999999,-0.2,0.5187955722799998
3754311,2015-11-07,115,56,26,HOME_WIN,0.2,0.8,1.2,1.0,2.6,2.0,14.4,10.6,1.2214819746,0.9537265923,501.4,538.6,90.2,112.6,374.0,418.2,39.6,32.4,3.6,6.2,36.6,24.2,0.8,1.0,1.2,1.2,1.6,1.6,1.4250003376999998,1.57936947952,-0.6000000000000001,0.19999999999999996,0.6000000000000001,3.8000000000000007,0.26775538230000007,-37.200000000000045,-22.39999999999999,-44.19999999999999,7.200000000000003,-2.6,12.400000000000002,-0.19999999999999996,0.0,0.0,-0.15436914182000017
3754293,2015-11-07,116,30,33,HOME_WIN,2.0,0.8,0.8,1.4,0.6,2.0,10.0,10.8,1.1257687004399999,0.8142694498799999,473.0,518.2,145.8,159.8,367.8,391.6,39.8,54.2,7.6,7.2,21.8,22.0,0.8,0.8,0.8,1.4,1.4,2.4,0.78561041998,1.2239428349400001,1.2,-0.5999999999999999,-1.4,-0.8000000000000007,0.31149925055999994,-45.200000000000045,-14.0,-23.80000000000001,-14.400000000000006,0.39999999999999947,-0.1999999999999993,0.0,-0.5999999999999999,-1.0,-0.4383324149600001
3754258,2015-11-08,117,59,36,DRAW,0.0,2.0,0.8,2.8,2.2,1.4,11.2,17.8,0.7610539204,2.4946349691800003,440.6,598.2,147.8,119.2,324.6,471.0,41.2,38.0,7.4,4.2,25.4,25.4,0.2,2.0,0.6,1.4,1.4,0.8,1.1779369598,1.5980708417799998,-2.0,-1.9999999999999998,0.8000000000000003,-6.600000000000001,-1.7335810487800003,-157.60000000000002,28.60000000000001,-146.39999999999998,3.200000000000003,3.2,0.0,-1.8,-0.7999999999999999,0.5999999999999999,-0.4201338819799998
3754265,2015-11-08,118,1,38,DRAW,3.0,2.2,3.2,2.8,0.6,1.0,17.6,15.8,2.1915130318000005,1.6391891068999995,550.4,513.0,126.4,142.8,450.4,410.8,34.8,49.8,6.0,6.2,23.8,31.2,2.0,1.6,1.4,1.8,0.6,1.0,2.2232105279,1.6457501685,0.7999999999999998,0.40000000000000036,-0.4,1.8000000000000007,0.5523239249000009,37.39999999999998,-16.400000000000006,39.599999999999966,-15.0,-0.20000000000000018,-7.399999999999999,0.3999999999999999,-0.40000000000000013,-0.4,0.5774603594000001
3754351,2015-11-08,119,24,31,AWAY_WIN,1.8,1.4,1.6,0.8,1.0,0.8,14.8,13.0,1.00024045326,1.2600069012600001,555.2,442.8,170.6,122.8,434.8,322.0,46.0,45.8,6.8,5.8,24.8,24.2,1.6,1.8,1.2,1.2,1.4,0.8,1.5530440310600002,1.37255201472,0.40000000000000013,0.8,0.19999999999999996,1.8000000000000007,-0.25976644800000015,112.40000000000003,47.8,112.80000000000001,0.20000000000000284,1.0,0.6000000000000014,-0.19999999999999996,0.0,0.5999999999999999,0.18049201634000012
3754185,2015-11-21,120,23,39,AWAY_WIN,1.4,1.6,1.2,1.0,1.2,0.6,12.4,8.4,1.1154483214,0.9734156324000001,433.8,608.6,147.4,139.2,291.8,472.6,46.2,41.2,6.2,4.2,31.8,22.6,1.4,1.4,0.6,1.4,0.8,1.4,1.0919428188800002,1.1169876624000001,-0.20000000000000018,0.19999999999999996,0.6,4.0,0.14203268899999988,-174.8,8.200000000000017,-180.8,5.0,2.0,9.2,0.0,-0.7999999999999999,-0.5999999999999999,-0.025044843519999915
3753972,2015-11-21,121,26,28,DRAW,0.8,0.2,0.8,0.6,1.6,2.8,10.0,13.6,0.7871296396,0.9197991315999999,572.2,557.4,111.2,140.0,447.6,399.8,31.4,38.6,6.0,4.6,21.4,16.0,1.0,0.6,0.8,1.4,1.4,3.0,0.69659976598,1.2180777825800002,0.6000000000000001,0.20000000000000007,-1.1999999999999997,-3.5999999999999996,-0.1326694919999999,14.800000000000068,-28.799999999999997,47.80000000000001,-7.200000000000003,1.4000000000000004,5.399999999999999,0.4,-0.5999999999999999,-1.6,-0.5214780166000003
3753996,2015-11-21,122,33,56,HOME_WIN,0.6,0.6,1.0,1.0,1.8,2.2,11.0,13.0,0.7278461141599999,1.18024342532,507.8,476.4,152.2,95.6,374.0,349.8,52.6,37.8,6.6,4.6,21.8,29.2,1.2,0.4,1.4,1.2,1.6,2.8,1.1741560982,1.05433891342,0.0,0.0,-0.40000000000000013,-2.0,-0.45239731116000015,31.400000000000034,56.599999999999994,24.19999999999999,14.800000000000004,2.0,-7.399999999999999,0.7999999999999999,0.19999999999999996,-1.1999999999999997,0.11981718478000003
3754211,2015-11-21,123,37,22,AWAY_WIN,1.4,2.6,1.6,2.0,2.2,1.2,11.2,16.2,1.5203140017999996,2.1004990726,410.8,412.0,133.2,141.6,300.6,268.8,41.0,52.8,8.0,5.4,25.4,28.4,1.0,1.8,1.8,2.0,1.4,1.6,1.1014762063999999,1.9499346434,-1.2000000000000002,-0.3999999999999999,1.0000000000000002,-5.0,-0.5801850708000003,-1.1999999999999886,-8.400000000000006,31.80000000000001,-11.799999999999997,2.5999999999999996,-3.0,-0.8,-0.19999999999999996,-0.20000000000000018,-0.8484584370000001
3754247,2015-11-21,124,25,30,AWAY_WIN,2.2,2.0,1.8,0.6,0.8,0.4,12.2,10.0,1.4609538376999998,1.0583045426399997,473.6,451.4,139.4,153.6,330.4,356.6,43.8,40.0,6.0,7.8,37.6,22.8,2.0,1.6,2.4,0.6,1.2,0.6,1.6228649872599998,0.99952069626,0.20000000000000018,1.2000000000000002,0.4,2.1999999999999993,0.40264929506,22.200000000000045,-14.199999999999989,-26.200000000000045,3.799999999999997,-1.7999999999999998,14.8,0.3999999999999999,1.7999999999999998,0.6,0.6233442909999999
3754283,2015-11-21,125,29,59,HOME_WIN,1.0,0.2,1.8,0.4,1.8,1.6,13.8,9.8,1.2982175997599998,0.5730766338000001,525.8,450.0,141.2,149.4,422.2,327.4,37.4,42.6,5.4,6.8,20.0,27.4,1.4,0.0,2.0,1.2,1.8,2.6,1.16718901666,0.85022995892,0.8,1.4,0.19999999999999996,4.0,0.7251409659599998,75.79999999999995,-8.200000000000017,94.80000000000001,-5.200000000000003,-1.3999999999999995,-7.399999999999999,1.4,0.8,-0.8,0.3169590577400001
3754301,2015-11-21,126,27,1,HOME_WIN,1.2,2.6,0.8,2.4,1.4,0.4,7.6,14.4,0.93536301016,1.8494199232,385.4,537.6,112.0,133.2,249.6,438.8,47.8,37.4,4.6,6.6,36.4,22.2,0.8,2.4,1.4,2.4,1.8,0.8,1.3372888126,1.93428775948,-1.4000000000000001,-1.5999999999999999,0.9999999999999999,-6.800000000000001,-0.9140569130399999,-152.20000000000005,-21.19999999999999,-189.20000000000002,10.399999999999999,-2.0,14.2,-1.5999999999999999,-1.0,1.0,-0.5969989468800001
3754208,2015-11-21,127,36,24,AWAY_WIN,2.2,1.2,2.6,1.2,0.6,1.0,15.8,15.2,2.6293506088800003,1.00826794646,620.2,543.6,122.0,163.6,488.4,414.6,36.4,45.0,4.2,6.4,24.6,29.6,2.4,1.2,3.2,1.0,1.0,1.0,2.9480000148000003,0.9332506971999999,1.0000000000000002,1.4000000000000001,-0.4,0.6000000000000014,1.6210826624200003,76.60000000000002,-41.599999999999994,73.79999999999995,-8.600000000000001,-2.2,-5.0,1.2,2.2,0.0,2.0147493176000006
3754109,2015-11-22,128,38,40,HOME_WIN,1.8,1.6,2.2,1.6,1.0,1.4,16.0,15.8,1.4417653,1.38943867398,505.2,480.0,143.2,121.8,407.6,383.8,47.2,40.8,6.2,2.2,30.2,28.2,2.2,2.0,1.6,2.0,0.4,1.2,1.4387519153,1.36945106946,0.19999999999999996,0.6000000000000001,-0.3999999999999999,0.1999999999999993,0.05232662601999993,25.19999999999999,21.39999999999999,23.80000000000001,6.400000000000006,4.0,2.0,0.20000000000000018,-0.3999999999999999,-0.7999999999999999,0.06930084583999996
3753979,2015-11-23,129,31,41,AWAY_WIN,1.4,0.8,1.0,1.4,1.0,2.0,11.4,11.8,0.9860571009999999,1.2356565158000001,433.8,375.8,128.2,143.2,315.8,248.4,46.2,48.6,6.4,5.6,26.6,35.2,1.4,0.2,1.0,0.8,1.0,2.8,1.1018094622199999,0.8039265369999999,0.5999999999999999,-0.3999999999999999,-1.0,-0.40000000000000036,-0.24959941480000025,58.0,-15.0,67.4,-2.3999999999999986,0.8000000000000007,-8.600000000000001,1.2,0.19999999999999996,-1.7999999999999998,0.29788292521999993
3754028,2015-11-28,130,36,25,HOME_WIN,1.6,1.6,1.6,1.2,1.2,0.8,13.6,12.6,2.03085721562,1.3572536530000001,615.0,509.2,124.8,136.0,477.6,350.2,37.6,44.4,3.6,5.4,24.0,34.0,1.8,1.8,3.0,1.0,1.8,0.4,2.88164983574,1.37468660224,0.0,0.40000000000000013,0.3999999999999999,1.0,0.6736035626200001,105.80000000000001,-11.200000000000003,127.40000000000003,-6.799999999999997,-1.8000000000000003,-10.0,0.0,2.0,1.4,1.5069632335000003
3754150,2015-11-28,131,41,30,HOME_WIN,1.2,2.0,1.2,0.6,1.6,0.4,11.8,10.8,1.3513623747,1.05902503272,355.4,452.0,139.0,144.4,228.0,343.4,49.2,41.2,5.6,6.8,39.0,26.0,1.0,2.0,1.2,0.6,1.0,0.4,1.12720919658,1.1581244622599998,-0.8,0.6,1.2000000000000002,1.0,0.29233734198000016,-96.60000000000002,-5.400000000000006,-115.39999999999998,8.0,-1.2000000000000002,13.0,-1.0,0.6,0.6,-0.030915265679999804
3754157,2015-11-28,132,28,29,DRAW,0.2,1.4,0.8,2.4,3.0,1.6,14.8,14.2,1.00171994934,1.6244925694999999,557.4,563.0,145.2,134.8,403.6,452.0,36.0,33.2,6.0,5.6,19.8,20.4,1.0,1.2,1.0,1.0,1.6,1.0,0.790126143,1.2545929885,-1.2,-1.5999999999999999,1.4,0.6000000000000014,-0.6227726201599999,-5.600000000000023,10.399999999999977,-48.39999999999998,2.799999999999997,0.40000000000000036,-0.5999999999999979,-0.19999999999999996,0.0,0.6000000000000001,-0.46446684550000006
3754178,2015-11-28,133,59,23,AWAY_WIN,0.2,1.2,0.4,1.2,2.2,1.4,9.4,12.2,0.669472416,1.2142689484,430.0,427.4,164.4,151.8,301.0,276.2,39.0,45.0,7.0,5.0,28.2,34.2,0.4,1.4,0.6,1.2,1.2,1.2,1.146737933,0.9564540701399998,-1.0,-0.7999999999999999,0.8000000000000003,-2.799999999999999,-0.5447965324,2.6000000000000227,12.599999999999994,24.80000000000001,-6.0,2.0,-6.0000000000000036,-0.9999999999999999,-0.6,0.0,0.1902838628600002
3754304,2015-11-28,134,31,37,HOME_WIN,0.8,1.4,0.6,1.4,1.2,1.6,11.4,11.8,0.7508807814,1.3552915249999997,434.2,440.0,129.4,138.0,319.2,316.0,44.0,43.6,6.0,5.0,26.0,28.4,0.8,0.8,0.6,0.4,1.0,2.2,1.04214696042,1.1150003356999998,-0.5999999999999999,-0.7999999999999999,-0.40000000000000013,-0.40000000000000036,-0.6044107435999997,-5.800000000000011,-8.599999999999994,3.1999999999999886,0.3999999999999986,1.0,-2.3999999999999986,0.0,0.19999999999999996,-1.2000000000000002,-0.0728533752799998
3754186,2015-11-28,135,22,39,DRAW,2.6,2.2,2.2,1.4,1.0,0.2,16.6,9.4,2.0313011802,0.9773103444,438.8,586.2,130.2,134.2,294.6,446.6,53.4,42.4,6.0,6.4,24.6,24.0,2.0,2.0,1.8,1.6,1.8,1.2,1.3825866836,1.171317842,0.3999999999999999,0.8000000000000003,0.8,7.200000000000001,1.0539908357999999,-147.40000000000003,-4.0,-152.0,11.0,-0.40000000000000036,0.6000000000000014,0.0,0.19999999999999996,0.6000000000000001,0.21126884159999992
3754093,2015-11-29,136,38,33,DRAW,2.2,1.2,2.6,1.0,0.8,1.2,16.2,13.0,1.7422303377,1.00563617782,505.6,521.0,148.4,142.6,405.2,388.2,49.2,50.6,6.0,5.2,30.0,26.4,2.6,0.8,2.4,1.4,0.6,2.0,1.547357516,1.23439061294,1.0000000000000002,1.6,-0.3999999999999999,3.1999999999999993,0.7365941598799999,-15.399999999999977,5.800000000000011,17.0,-1.3999999999999986,0.7999999999999998,3.6000000000000014,1.8,1.0,-1.4,0.31296690305999997
3754235,2015-11-29,137,40,27,DRAW,1.4,1.8,1.4,1.2,1.8,1.2,14.0,7.2,1.1342282519800002,0.9782780743599998,468.6,375.6,138.4,118.8,361.4,247.0,39.6,47.6,3.4,4.6,29.8,35.2,1.6,1.8,2.0,0.6,1.6,0.8,1.5391511491199998,0.61749397872,-0.40000000000000013,0.19999999999999996,0.6000000000000001,6.8,0.1559501776200004,93.0,19.60000000000001,114.39999999999998,-8.0,-1.1999999999999997,-5.400000000000002,-0.19999999999999996,1.4,0.8,0.9216571703999998
3754047,2015-11-29,138,24,26,HOME_WIN,1.6,0.8,1.8,0.8,1.0,1.6,15.6,10.2,1.42295537686,1.0320182276,543.6,574.6,177.8,142.0,403.0,444.6,47.0,32.4,5.8,5.8,35.2,20.6,1.0,0.8,1.2,0.8,1.8,1.4,1.54539402806,1.18265768302,0.8,1.0,-0.6000000000000001,5.4,0.39093714926,-31.0,35.80000000000001,-41.60000000000002,14.600000000000001,0.0,14.600000000000001,0.19999999999999996,0.3999999999999999,0.40000000000000013,0.3627363450400001
3754038,2015-11-29,139,56,1,DRAW,0.6,2.0,0.8,2.0,2.0,0.8,10.4,14.6,0.9837827244200001,1.8984043341999999,430.6,599.2,105.4,124.2,311.8,484.2,42.2,36.6,5.8,6.4,29.2,20.0,1.4,1.8,1.2,2.4,1.0,1.2,1.3629837651399999,1.9122612798600003,-1.4,-1.2,1.2,-4.199999999999999,-0.9146216097799997,-168.60000000000002,-18.799999999999997,-172.39999999999998,5.600000000000001,-0.6000000000000005,9.2,-0.40000000000000013,-1.2,-0.19999999999999996,-0.5492775147200004
3754135,2015-12-05,140,30,36,HOME_WIN,1.4,1.6,0.4,1.2,0.8,1.2,10.4,13.6,0.9851477305199999,1.62908286662,454.2,580.2,130.0,130.6,352.4,449.6,38.8,40.6,6.4,6.0,27.4,22.6,1.4,1.6,1.0,0.8,1.2,0.8,0.8519778491800001,1.61535575298,-0.20000000000000018,-0.7999999999999999,-0.3999999999999999,-3.1999999999999993,-0.6439351361,-126.00000000000006,-0.5999999999999943,-97.20000000000005,-1.8000000000000043,0.40000000000000036,4.799999999999997,-0.20000000000000018,0.19999999999999996,0.3999999999999999,-0.7633779037999999
3754160,2015-12-05,141,1,41,HOME_WIN,1.6,1.8,1.6,1.6,1.0,1.4,13.6,13.4,1.8075996801999998,1.4589076993,599.2,368.2,141.2,138.8,475.8,241.0,34.4,46.2,5.6,5.0,19.2,34.4,2.2,0.6,1.6,0.6,0.4,2.4,2.2797301272999997,1.0068898361,-0.19999999999999996,0.0,-0.3999999999999999,0.1999999999999993,0.34869198089999975,231.00000000000006,2.3999999999999773,234.8,-11.800000000000004,0.5999999999999996,-15.2,1.6,1.0,-2.0,1.2728402911999996
3754085,2015-12-05,142,26,22,AWAY_WIN,0.8,2.6,0.8,2.0,1.6,0.8,9.2,12.6,1.0084917453000002,1.6968259126,551.4,420.8,143.8,130.2,423.0,281.2,35.6,52.8,6.0,5.6,24.8,25.8,0.6,2.2,0.8,2.4,1.6,1.4,0.9388821928999999,2.4188129938,-1.8,-1.2,0.8,-3.4000000000000004,-0.6883341672999999,130.59999999999997,13.600000000000023,141.8,-17.199999999999996,0.40000000000000036,-1.0,-1.6,-1.5999999999999999,0.20000000000000018,-1.4799308009
3754113,2015-12-05,143,25,59,DRAW,1.4,0.2,1.0,0.8,1.0,2.4,12.2,10.0,1.3232763035999997,0.9373302524,528.4,453.4,132.0,156.6,375.8,321.8,43.8,35.0,5.2,7.2,28.2,24.4,1.4,0.0,1.8,1.0,1.4,3.0,1.33607235686,0.891336235,1.2,0.19999999999999996,-1.4,2.1999999999999993,0.3859460511999997,75.0,-24.599999999999994,54.0,8.799999999999997,-2.0,3.8000000000000007,1.4,0.8,-1.6,0.4447361218599999
3754215,2015-12-05,144,27,38,DRAW,1.4,2.2,1.2,2.6,1.4,0.8,6.8,15.4,0.8272512646999999,1.6513918071,343.4,530.2,122.4,153.2,227.2,411.0,50.2,44.6,4.6,7.6,34.8,25.0,1.4,1.8,1.4,2.0,1.4,1.0,1.06753179148,1.746195192,-0.8000000000000003,-1.4000000000000001,0.5999999999999999,-8.600000000000001,-0.8241405424000001,-186.80000000000007,-30.799999999999983,-183.8,5.600000000000001,-3.0,9.799999999999997,-0.40000000000000013,-0.6000000000000001,0.3999999999999999,-0.6786634005200001
3754286,2015-12-05,145,23,56,HOME_WIN,1.8,0.8,1.8,0.6,1.2,1.0,13.4,8.2,1.4539759769999998,0.92740169052,417.6,414.4,138.0,106.4,261.8,301.2,48.0,41.2,4.6,5.2,35.8,26.2,1.2,0.4,0.8,1.2,1.2,2.4,1.25271171236,0.95965624902,1.0,1.2000000000000002,0.19999999999999996,5.200000000000001,0.5265742864799998,3.2000000000000455,31.599999999999994,-39.39999999999998,6.799999999999997,-0.6000000000000005,9.599999999999998,0.7999999999999999,-0.3999999999999999,-1.2,0.29305546334
3754347,2015-12-05,146,39,40,DRAW,1.8,1.0,1.0,1.0,0.4,1.8,9.8,13.0,0.8880295069999999,0.9919612581799999,604.2,454.2,134.6,140.6,452.4,328.0,41.8,40.6,6.4,3.8,21.8,25.8,2.2,1.4,1.6,1.6,0.2,2.0,1.427482731,1.37324677926,0.8,0.0,-1.4,-3.1999999999999993,-0.10393175117999998,150.00000000000006,-6.0,124.39999999999998,1.1999999999999957,2.6000000000000005,-4.0,0.8000000000000003,0.0,-1.8,0.054235951739999955
3754073,2015-12-05,147,33,28,AWAY_WIN,0.8,0.4,0.6,1.2,1.2,2.6,12.2,17.0,0.8399851112200001,1.16584023474,511.2,581.4,136.8,139.4,388.0,433.2,45.4,35.4,4.4,5.6,28.2,19.2,1.8,0.2,1.4,1.0,1.2,2.8,1.0978544872,1.02866912854,0.4,-0.6,-1.4000000000000001,-4.800000000000001,-0.32585512352,-70.19999999999999,-2.5999999999999943,-45.19999999999999,10.0,-1.1999999999999993,9.0,1.6,0.3999999999999999,-1.5999999999999999,0.06918535865999997
3754143,2015-12-06,148,37,24,HOME_WIN,0.8,2.0,0.4,2.0,2.2,1.0,11.0,15.2,1.1368444295999998,1.6167520967400002,442.6,562.8,141.0,166.4,315.0,417.8,45.8,46.4,4.4,4.8,29.4,32.8,1.0,1.6,1.8,1.8,1.8,1.2,1.178913061,1.2916439454,-1.2,-1.6,1.2000000000000002,-4.199999999999999,-0.47990766714000044,-120.19999999999993,-25.400000000000006,-102.80000000000001,-0.6000000000000014,-0.39999999999999947,-3.3999999999999986,-0.6000000000000001,0.0,0.6000000000000001,-0.1127308843999999
3754046,2015-12-07,149,29,31,DRAW,1.6,1.4,3.0,1.4,1.6,0.8,13.4,13.8,1.5367790073000003,0.8207206534000001,552.2,463.0,124.0,119.4,439.2,345.0,33.8,41.8,7.0,5.8,22.2,24.6,2.0,1.8,2.8,1.0,1.4,0.8,1.5136183774600003,1.12800820832,0.20000000000000018,1.6,0.8,-0.40000000000000036,0.7160583539000002,89.20000000000005,4.599999999999994,94.19999999999999,-8.0,1.2000000000000002,-2.400000000000002,0.19999999999999996,1.7999999999999998,0.5999999999999999,0.38561016914000024
3754182,2015-12-12,150,56,29,DRAW,0.8,1.8,0.6,3.0,1.2,1.4,6.8,15.2,0.87869204658,1.7564849086999998,391.6,583.4,112.8,115.4,272.8,466.4,38.4,31.6,4.8,6.2,24.0,21.8,1.4,1.2,1.2,1.6,1.0,1.6,1.10940248922,1.3295180637000001,-1.0,-2.4,-0.19999999999999996,-8.399999999999999,-0.8777928621199999,-191.79999999999995,-2.6000000000000085,-193.59999999999997,6.799999999999997,-1.4000000000000004,2.1999999999999993,0.19999999999999996,-0.40000000000000013,-0.6000000000000001,-0.22011557448000008
3754072,2015-12-12,151,41,23,AWAY_WIN,1.2,1.8,1.2,1.8,2.0,1.2,13.6,13.4,1.2183891030999998,1.6911514105999998,362.4,450.6,132.4,134.2,244.2,284.8,44.4,47.0,6.2,5.2,32.4,31.0,1.4,2.0,1.4,1.8,0.8,1.2,1.20194088182,1.21761035394,-0.6000000000000001,-0.6000000000000001,0.8,0.1999999999999993,-0.47276230750000003,-88.20000000000005,-1.799999999999983,-40.60000000000002,-2.6000000000000014,1.0,1.3999999999999986,-0.6000000000000001,-0.40000000000000013,-0.3999999999999999,-0.01566947212000014
3754096,2015-12-12,152,40,30,DRAW,0.6,2.0,0.6,0.8,1.6,0.4,12.4,9.8,0.9600592606599999,1.20099977034,436.8,427.0,144.8,132.8,315.2,327.8,41.4,35.0,4.4,8.2,28.6,29.4,1.8,2.0,1.6,0.6,1.0,0.4,1.54355623752,1.2961581152599997,-1.4,-0.20000000000000007,1.2000000000000002,2.5999999999999996,-0.24094050968000003,9.800000000000011,12.0,-12.600000000000023,6.399999999999999,-3.799999999999999,-0.7999999999999972,-0.19999999999999996,1.0,0.6,0.24739812226000035
3754218,2015-12-12,153,31,25,HOME_WIN,1.6,1.4,1.6,1.0,0.8,1.0,14.6,15.0,0.9125855850000001,1.6102672681999999,431.0,568.8,139.6,130.6,337.6,421.4,39.2,43.0,5.6,5.2,30.2,23.4,1.4,1.6,1.6,1.2,1.0,1.0,1.2530150344000002,1.4488205864400001,0.20000000000000018,0.6000000000000001,-0.19999999999999996,-0.40000000000000036,-0.6976816831999998,-137.79999999999995,9.0,-83.79999999999995,-3.799999999999997,0.39999999999999947,6.800000000000001,-0.20000000000000018,0.40000000000000013,0.0,-0.19580555203999994
3754328,2015-12-12,154,36,26,HOME_WIN,1.4,0.2,1.2,0.4,1.6,2.0,14.6,9.2,1.6602451122800002,0.8882919347,601.6,579.6,124.6,146.4,468.4,449.8,38.6,33.0,5.8,5.8,19.2,23.0,2.4,0.6,3.4,0.6,1.6,1.4,2.7098434133400002,0.9418998323000001,1.2,0.7999999999999999,-0.3999999999999999,5.4,0.7719531775800001,22.0,-21.80000000000001,18.599999999999966,5.600000000000001,0.0,-3.8000000000000007,1.7999999999999998,2.8,0.20000000000000018,1.7679435810400002
3754162,2015-12-12,155,28,39,HOME_WIN,1.0,1.8,1.2,1.0,1.6,0.4,17.8,12.8,1.3830153487400003,1.2041254351,559.6,596.8,145.4,127.0,413.0,446.4,34.8,43.0,6.4,6.8,22.4,20.0,1.0,1.6,1.4,1.2,2.0,1.0,1.0157109976,1.0223109122,-0.8,0.19999999999999996,1.2000000000000002,5.0,0.1788899136400004,-37.19999999999993,18.400000000000006,-33.39999999999998,-8.200000000000003,-0.39999999999999947,2.3999999999999986,-0.6000000000000001,0.19999999999999996,1.0,-0.006599914599999979
3754117,2015-12-13,156,59,1,AWAY_WIN,0.4,1.6,0.8,1.8,2.2,1.0,10.0,12.8,0.8893335072800002,1.6803626752,438.2,632.8,148.8,130.4,324.4,484.4,31.8,36.0,7.4,4.2,29.2,18.0,0.2,2.0,0.6,2.6,1.4,1.0,0.8680017304000002,2.0562441206,-1.2000000000000002,-1.0,1.2000000000000002,-2.8000000000000007,-0.7910291679199999,-194.59999999999997,18.400000000000006,-160.0,-4.199999999999999,3.2,11.2,-1.8,-2.0,0.3999999999999999,-1.1882423902
3754255,2015-12-13,157,24,27,DRAW,1.8,1.0,1.8,1.2,1.2,1.6,14.4,8.0,1.7098336589599998,0.9067973509,562.2,335.4,162.8,134.6,401.4,226.8,50.4,47.6,3.8,8.0,32.4,33.0,1.6,1.4,1.4,0.6,1.2,1.0,1.63473541066,0.5712799886000001,0.8,0.6000000000000001,-0.40000000000000013,6.4,0.8030363080599998,226.80000000000007,28.200000000000017,174.59999999999997,2.799999999999997,-4.2,-0.6000000000000014,0.20000000000000018,0.7999999999999999,0.19999999999999996,1.06345542206
3754276,2015-12-13,158,38,37,AWAY_WIN,1.8,1.4,1.8,0.8,0.8,1.6,14.4,7.8,1.2097613899,0.7346654078,539.0,421.6,152.8,157.8,417.0,287.8,46.0,49.6,9.0,3.8,25.8,34.4,2.2,0.6,2.2,0.6,0.6,3.2,1.4590668242,1.1981542134999998,0.40000000000000013,1.0,-0.8,6.6000000000000005,0.4750959820999999,117.39999999999998,-5.0,129.2,-3.6000000000000014,5.2,-8.599999999999998,1.6,1.6,-2.6,0.26091261070000016
3754013,2015-12-14,159,22,33,HOME_WIN,2.6,0.8,2.4,0.4,0.8,1.0,13.4,14.2,1.9406227536,0.9553033977000001,413.0,530.6,146.6,147.4,279.0,396.2,51.6,46.2,5.6,5.2,23.4,27.0,2.0,0.4,1.8,0.8,1.8,1.6,1.3450224994,0.79376182254,1.8,2.0,-0.19999999999999996,-0.7999999999999989,0.9853193559,-117.60000000000002,-0.8000000000000114,-117.19999999999999,5.399999999999999,0.39999999999999947,-3.6000000000000014,1.6,1.0,0.19999999999999996,0.5512606768599999
3754025,2015-12-19,160,33,41,HOME_WIN,0.8,1.2,0.4,0.8,0.8,1.0,14.8,13.4,1.2691501947000001,1.1408023847,564.2,384.6,140.8,140.4,406.8,264.2,43.2,45.2,6.2,5.0,25.6,34.0,1.2,0.6,1.0,0.8,1.4,2.6,1.0366760868399998,1.0970182841,-0.3999999999999999,-0.4,-0.19999999999999996,1.4000000000000004,0.12834781000000017,179.60000000000002,0.4000000000000057,142.60000000000002,-2.0,1.2000000000000002,-8.399999999999999,0.6,0.19999999999999996,-1.2000000000000002,-0.06034219726000023
3754044,2015-12-19,161,39,56,AWAY_WIN,1.6,1.0,1.2,0.6,0.8,1.0,14.0,7.4,1.3931434957,0.86232195678,604.6,415.6,126.6,128.0,454.6,289.6,42.8,39.8,7.0,4.0,18.4,23.0,2.2,0.2,1.6,1.0,0.2,2.6,1.5112621126999997,0.9763116297600002,0.6000000000000001,0.6,-0.19999999999999996,6.6,0.53082153892,189.0,-1.4000000000000057,165.0,3.0,3.0,-4.600000000000001,2.0,0.6000000000000001,-2.4,0.5349504829399995
3754153,2015-12-19,162,30,31,AWAY_WIN,2.0,2.0,0.8,1.8,0.4,0.8,10.2,15.0,1.2243603726,0.9781224381200001,430.0,423.2,142.6,151.4,328.2,325.4,37.8,41.0,9.2,5.0,32.8,33.6,2.0,1.4,1.4,0.8,1.0,0.8,1.02661247908,0.8650937709200001,0.0,-1.0,-0.4,-4.800000000000001,0.24623793447999998,6.800000000000011,-8.800000000000011,2.8000000000000114,-3.200000000000003,4.199999999999999,-0.8000000000000043,0.6000000000000001,0.5999999999999999,0.19999999999999996,0.1615187081599999
3754166,2015-12-19,163,29,22,AWAY_WIN,1.4,2.6,2.0,2.2,1.2,0.6,15.2,12.6,1.6896232719,1.7335490094000001,564.0,391.6,124.4,157.8,446.4,262.0,31.6,48.0,6.0,5.0,22.0,26.8,1.6,2.6,2.4,2.6,1.4,1.0,1.64984889666,2.6062886826,-1.2000000000000002,-0.20000000000000018,0.6,2.5999999999999996,-0.04392573750000017,172.39999999999998,-33.400000000000006,184.39999999999998,-16.4,1.0,-4.800000000000001,-1.0,-0.20000000000000018,0.3999999999999999,-0.9564397859399998
3754188,2015-12-19,164,25,38,AWAY_WIN,0.8,1.2,0.6,1.4,1.2,1.0,15.8,15.2,1.60193176354,1.2156409215,558.4,536.0,130.0,148.6,406.8,388.0,42.6,45.0,3.2,8.0,24.4,20.2,1.6,1.8,1.6,2.0,1.0,1.0,1.56649716326,1.4933230826000001,-0.3999999999999999,-0.7999999999999999,0.19999999999999996,0.6000000000000014,0.3862908420400002,22.399999999999977,-18.599999999999994,18.80000000000001,-2.3999999999999986,-4.8,4.199999999999999,-0.19999999999999996,-0.3999999999999999,0.0,0.07317408065999986
3754219,2015-12-19,165,27,28,AWAY_WIN,1.2,1.6,1.2,1.6,1.4,1.4,6.4,16.8,0.6053500678000001,1.4264620757400002,318.0,529.0,149.2,140.0,212.8,385.2,44.6,33.6,9.4,6.0,31.0,25.0,1.4,0.8,1.6,1.0,1.6,2.2,1.14636403748,1.21449222054,-0.40000000000000013,-0.40000000000000013,0.0,-10.4,-0.82111200794,-211.0,9.199999999999989,-172.39999999999998,11.0,3.4000000000000004,6.0,0.5999999999999999,0.6000000000000001,-0.6000000000000001,-0.06812818306000001
3754136,2015-12-19,166,37,59,DRAW,1.8,0.4,1.2,0.6,1.8,2.0,6.4,11.2,0.7583676152,1.0029146988800002,408.6,458.8,165.2,147.4,264.0,346.4,53.0,28.8,3.0,6.0,36.0,28.4,1.6,0.2,2.0,0.8,1.4,2.6,1.0809213502000001,0.8094529574799999,1.4,0.6,-0.19999999999999996,-4.799999999999999,-0.24454708368000022,-50.19999999999999,17.799999999999983,-82.39999999999998,24.2,-3.0,7.600000000000001,1.4000000000000001,1.2,-1.2000000000000002,0.27146839272000023
3754051,2015-12-20,167,23,24,HOME_WIN,1.8,1.4,1.6,1.6,1.2,1.4,11.8,16.8,1.6916434044,1.99708713048,460.8,577.2,138.8,150.6,290.2,425.8,44.6,51.8,6.0,3.0,32.0,29.8,1.2,1.6,1.0,1.6,1.2,1.0,1.4544168690600001,1.39132362308,0.40000000000000013,0.0,-0.19999999999999996,-5.0,-0.30544372608000003,-116.40000000000003,-11.799999999999983,-135.60000000000002,-7.199999999999996,3.0,2.1999999999999993,-0.40000000000000013,-0.6000000000000001,0.19999999999999996,0.06309324598000021
3754259,2015-12-20,168,26,40,DRAW,0.2,0.8,0.6,0.6,1.8,1.2,10.4,15.6,1.0690979076999998,1.14352740106,567.4,432.6,138.8,132.6,452.4,315.2,33.6,43.2,4.8,4.4,23.8,23.6,0.4,1.0,0.8,1.2,2.2,1.8,0.9985365434999999,1.3395462680599999,-0.6000000000000001,0.0,0.6000000000000001,-5.199999999999999,-0.07442949336000027,134.79999999999995,6.200000000000017,137.2,-9.600000000000001,0.39999999999999947,0.1999999999999993,-0.6,-0.3999999999999999,0.40000000000000013,-0.34100972456
3754296,2015-12-21,169,1,36,HOME_WIN,1.6,1.4,1.6,1.2,1.0,1.6,12.0,13.2,1.7316225082000003,1.13646908628,643.6,564.0,129.4,133.0,482.8,428.2,37.8,39.8,4.0,6.4,18.4,20.0,2.6,1.0,2.2,0.4,0.6,1.2,2.2264547842,1.47683075332,0.20000000000000018,0.40000000000000013,-0.6000000000000001,-1.1999999999999993,0.5951534219200003,79.60000000000002,-3.5999999999999943,54.60000000000002,-2.0,-2.4000000000000004,-1.6000000000000014,1.6,1.8000000000000003,-0.6,0.74962403088
3754014,2015-12-26,170,30,39,HOME_WIN,1.4,1.0,0.8,1.0,0.8,1.2,13.6,13.6,1.5761981466,1.2888272562999998,468.6,603.4,119.4,123.8,358.4,440.4,37.4,41.4,8.0,7.6,33.0,18.0,1.8,1.6,1.2,1.4,1.0,0.8,1.26302082178,1.09606943,0.3999999999999999,-0.19999999999999996,-0.3999999999999999,0.0,0.28737089030000007,-134.79999999999995,-4.3999999999999915,-82.0,-4.0,0.40000000000000036,15.0,0.19999999999999996,-0.19999999999999996,0.19999999999999996,0.16695139178000007
3754054,2015-12-26,171,36,41,HOME_WIN,1.2,1.2,1.4,1.0,2.0,1.4,14.4,13.4,1.01715591488,1.353621874,576.8,378.8,127.8,146.0,441.2,265.0,39.6,43.8,5.8,5.6,21.4,29.0,2.4,0.6,2.6,1.0,1.6,2.6,2.08730171674,1.3236632678,0.0,0.3999999999999999,0.6000000000000001,1.0,-0.3364659591199999,197.99999999999994,-18.200000000000003,176.2,-4.199999999999996,0.20000000000000018,-7.600000000000001,1.7999999999999998,1.6,-1.0,0.7636384489399999
3754057,2015-12-26,172,38,56,HOME_WIN,1.6,1.0,1.6,0.8,0.8,1.2,14.4,6.8,1.2566044188999999,0.82796575306,537.2,402.8,143.6,141.6,385.0,283.6,45.2,41.6,7.0,4.2,18.4,35.2,1.6,0.6,1.6,1.0,0.8,2.4,1.2663449027999998,0.90071687676,0.6000000000000001,0.8,-0.3999999999999999,7.6000000000000005,0.4286386658399999,134.40000000000003,2.0,101.39999999999998,3.6000000000000014,2.8,-16.800000000000004,1.0,0.6000000000000001,-1.5999999999999999,0.3656280260399998
3754248,2015-12-26,173,28,31,DRAW,2.2,2.0,2.0,1.8,1.4,0.8,15.8,15.4,1.5685831617400001,1.2536500528,519.2,434.0,137.6,135.6,377.2,333.2,32.8,38.6,6.0,4.0,29.0,32.8,1.0,2.0,1.4,1.2,2.2,0.8,1.127366144,1.1349713489400002,0.20000000000000018,0.19999999999999996,0.5999999999999999,0.40000000000000036,0.31493310894000004,85.20000000000005,2.0,44.0,-5.800000000000004,2.0,-3.799999999999997,-1.0,0.19999999999999996,1.4000000000000001,-0.007605204940000165
3754279,2015-12-26,174,26,27,HOME_WIN,0.4,1.2,0.6,1.4,1.6,1.4,13.2,6.8,1.185671835,0.5926212488000001,565.6,309.2,145.4,148.4,435.0,213.6,35.4,42.2,4.4,9.6,27.6,28.4,0.4,1.0,0.4,0.8,1.8,1.4,1.0283923442999998,0.48288891740000006,-0.7999999999999999,-0.7999999999999999,0.20000000000000018,6.3999999999999995,0.5930505861999998,256.40000000000003,-3.0,221.4,-6.800000000000004,-5.199999999999999,-0.7999999999999972,-0.6,-0.4,0.40000000000000013,0.5455034268999998
3754285,2015-12-26,175,59,40,DRAW,0.4,0.8,0.8,0.4,2.2,1.0,12.6,14.2,1.0452574324800001,1.06113055206,468.0,394.6,150.2,135.0,348.6,273.6,34.2,43.8,6.0,5.8,25.0,28.2,0.2,1.0,0.6,0.8,1.6,1.4,0.9545156618,1.01992940546,-0.4,0.4,1.2000000000000002,-1.5999999999999996,-0.015873119579999928,73.39999999999998,15.199999999999989,75.0,-9.599999999999994,0.20000000000000018,-3.1999999999999993,-0.8,-0.20000000000000007,0.20000000000000018,-0.06541374366000008
3754287,2015-12-26,176,33,23,DRAW,1.4,2.4,1.0,2.0,0.8,0.8,14.6,11.4,1.7294807504999998,1.8553549212,583.4,404.8,145.8,150.2,416.6,248.6,43.4,46.6,6.6,5.0,25.4,31.2,1.8,2.0,1.4,1.6,1.0,1.0,1.5812850200999997,1.3556473437999998,-1.0,-1.0,0.0,3.1999999999999993,-0.12587417070000018,178.59999999999997,-4.399999999999977,168.00000000000003,-3.200000000000003,1.5999999999999996,-5.800000000000001,-0.19999999999999996,-0.20000000000000018,0.0,0.22563767629999987
3754343,2015-12-26,177,24,22,HOME_WIN,1.4,2.6,1.4,2.4,1.6,0.8,14.8,12.0,1.76398408408,1.8350636978000001,578.6,366.4,158.8,170.2,417.4,239.2,50.4,52.0,2.6,5.4,29.6,27.4,1.6,2.6,1.6,2.8,1.4,1.2,1.60600396066,2.3766127096000003,-1.2000000000000002,-1.0,0.8,2.8000000000000007,-0.07107961372000005,212.20000000000005,-11.399999999999977,178.2,-1.6000000000000014,-2.8000000000000003,2.200000000000003,-1.0,-1.1999999999999997,0.19999999999999996,-0.7706087489400002
3753974,2015-12-26,178,37,29,AWAY_WIN,1.4,1.2,1.2,2.2,2.0,1.6,7.6,15.0,0.9280059888000001,1.6954681242,429.0,590.8,163.0,120.6,279.8,455.0,55.6,34.2,3.6,5.0,37.4,23.2,1.6,1.2,1.8,1.8,1.2,1.8,1.1227508768,1.3725648995000002,0.19999999999999996,-1.0000000000000002,0.3999999999999999,-7.4,-0.7674621354,-161.79999999999995,42.400000000000006,-175.2,21.4,-1.4,14.2,0.40000000000000013,0.0,-0.6000000000000001,-0.24981402270000008
3754309,2015-12-26,179,25,1,HOME_WIN,0.2,2.0,0.4,1.8,1.6,1.0,15.2,11.6,1.451736596,1.6875824910000001,530.4,626.2,142.0,125.8,389.0,463.6,43.2,33.6,3.4,4.2,18.6,18.2,1.0,2.0,1.0,2.0,1.2,0.6,1.49404945006,1.7800543590000004,-1.8,-1.4,0.6000000000000001,3.5999999999999996,-0.2358458950000002,-95.80000000000007,16.200000000000003,-74.60000000000002,9.600000000000001,-0.8000000000000003,0.40000000000000213,-1.0,-1.0,0.6,-0.2860049089400005
3754056,2015-12-28,180,29,30,AWAY_WIN,1.2,1.4,1.6,1.0,1.6,0.8,15.8,13.0,1.592432721,1.5087575454,578.6,454.4,135.6,117.4,443.8,349.6,38.0,36.6,5.6,8.2,21.2,33.0,1.4,1.6,2.6,0.4,1.8,0.4,1.8500433232,1.30656199094,-0.19999999999999996,0.6000000000000001,0.8,2.8000000000000007,0.08367517560000004,124.20000000000005,18.19999999999999,94.19999999999999,1.3999999999999986,-2.5999999999999996,-11.8,-0.20000000000000018,2.2,1.4,0.5434813322600001
3754130,2015-12-28,181,56,59,HOME_WIN,1.0,0.6,0.8,1.0,1.6,1.6,8.2,13.4,0.94044858866,1.13568949608,411.4,478.8,142.6,134.6,294.2,351.0,39.4,40.0,3.4,6.0,34.8,29.4,1.0,0.4,0.8,0.6,1.0,2.2,1.10749230162,0.66381840448,0.4,-0.19999999999999996,0.0,-5.200000000000001,-0.1952409074199999,-67.40000000000003,8.0,-56.80000000000001,-0.6000000000000014,-2.6,5.399999999999999,0.6,0.20000000000000007,-1.2000000000000002,0.44367389714000005
3754195,2015-12-28,182,27,37,HOME_WIN,0.6,1.4,1.0,1.2,1.4,1.6,7.8,7.8,0.6327365182000001,1.0862546386,340.8,408.8,138.8,169.2,234.2,273.4,41.0,53.8,9.8,2.8,28.4,34.2,1.4,1.2,1.4,1.0,1.4,3.0,1.04509534156,1.3255691137999999,-0.7999999999999999,-0.19999999999999996,-0.20000000000000018,0.0,-0.45351812039999995,-68.0,-30.399999999999977,-39.19999999999999,-12.799999999999997,7.000000000000001,-5.800000000000004,0.19999999999999996,0.3999999999999999,-1.6,-0.2804737722399999
3754291,2015-12-28,183,23,38,AWAY_WIN,2.6,1.6,2.2,1.4,0.8,0.6,12.0,12.8,1.8448353699999998,1.1853281198999999,390.8,544.6,144.6,140.4,250.2,391.4,45.4,42.4,5.0,6.6,29.6,19.6,1.8,1.8,1.6,2.2,1.0,1.0,1.6151558988,1.4320248161,1.0,0.8000000000000003,0.20000000000000007,-0.8000000000000007,0.6595072500999999,-153.8,4.199999999999989,-141.2,3.0,-1.5999999999999996,10.0,0.0,-0.6000000000000001,0.0,0.18313108270000011
3754326,2015-12-28,184,31,26,DRAW,2.2,0.8,1.8,0.4,0.6,1.2,12.8,12.2,1.2280789192000001,0.9519163387199999,413.0,584.2,149.0,126.4,300.8,453.2,40.0,36.4,4.4,4.6,36.4,27.0,1.4,0.6,1.4,0.8,1.0,1.6,1.1204011149200002,1.0242879564999998,1.4000000000000001,1.4,-0.6,0.6000000000000014,0.2761625804800002,-171.20000000000005,22.599999999999994,-152.39999999999998,3.6000000000000014,-0.1999999999999993,9.399999999999999,0.7999999999999999,0.5999999999999999,-0.6000000000000001,0.09611315842000034
3754173,2015-12-28,185,1,28,HOME_WIN,2.0,2.2,1.6,1.6,1.4,1.0,10.6,14.4,1.4899202006,1.3764458141200002,600.0,507.2,124.0,138.0,452.2,368.8,32.0,38.2,5.2,5.4,22.8,30.6,2.6,1.4,2.2,1.2,0.8,2.0,1.7569480551999999,1.36101614934,-0.20000000000000018,0.0,0.3999999999999999,-3.8000000000000007,0.11347438647999986,92.80000000000001,-14.0,83.39999999999998,-6.200000000000003,-0.20000000000000018,-7.800000000000001,1.2000000000000002,1.0000000000000002,-1.2,0.39593190585999993
3753998,2015-12-28,186,40,25,HOME_WIN,1.0,0.8,0.4,1.2,0.4,1.4,14.2,14.8,1.04915885606,1.603129466,374.8,484.8,126.0,148.6,266.2,367.4,47.6,43.4,4.6,3.8,34.4,20.2,1.4,1.4,1.2,1.2,1.0,1.2,1.48186818218,1.41864098364,0.19999999999999996,-0.7999999999999999,-0.9999999999999999,-0.6000000000000014,-0.5539706099399999,-110.0,-22.599999999999994,-101.19999999999999,4.200000000000003,0.7999999999999998,14.2,0.0,0.0,-0.19999999999999996,0.06322719853999992
3754019,2015-12-28,187,39,33,DRAW,0.4,1.0,0.6,1.2,1.4,1.2,13.0,13.8,1.30940893928,1.8085907792999998,589.6,571.8,128.4,140.6,434.4,404.2,43.0,43.6,5.6,6.8,17.8,20.6,1.6,0.4,1.2,0.8,0.4,1.4,1.4039762920999999,1.04674355774,-0.6,-0.6,0.19999999999999996,-0.8000000000000007,-0.4991818400199999,17.800000000000068,-12.199999999999989,30.19999999999999,-0.6000000000000014,-1.2000000000000002,-2.8000000000000007,1.2000000000000002,0.3999999999999999,-0.9999999999999999,0.3572327343599999
3754045,2015-12-29,188,22,36,DRAW,2.0,1.8,1.8,2.0,1.0,1.4,9.8,15.8,1.3607335056,1.38124919974,344.6,585.6,168.8,119.0,216.0,467.6,51.8,37.8,6.2,6.4,35.4,20.8,2.0,0.4,1.6,0.4,1.6,1.6,1.1741366582,1.0146247181199999,0.19999999999999996,-0.19999999999999996,-0.3999999999999999,-6.0,-0.020515694139999985,-241.0,49.80000000000001,-251.60000000000002,14.0,-0.20000000000000018,14.599999999999998,1.6,1.2000000000000002,0.0,0.15951194008000003
3754226,2015-12-30,189,41,24,AWAY_WIN,0.6,1.4,1.0,0.8,2.2,1.4,13.2,17.2,1.2679476167,1.47041312668,386.4,618.8,151.2,140.8,278.0,445.0,38.0,48.2,6.6,2.6,23.2,24.4,1.4,1.4,1.4,1.4,0.8,1.4,1.2656151219999998,1.28293389268,-0.7999999999999999,0.19999999999999996,0.8000000000000003,-4.0,-0.20246550998000012,-232.39999999999998,10.399999999999977,-167.0,-10.200000000000003,3.9999999999999996,-1.1999999999999993,0.0,0.0,-0.5999999999999999,-0.017318770680000206
3754251,2016-01-02,190,40,24,HOME_WIN,1.4,1.4,0.6,0.8,0.4,1.4,13.4,18.6,0.9870607078000001,1.5276930824200001,365.8,601.2,135.2,135.6,261.2,410.0,48.2,49.2,7.6,4.6,39.8,26.6,1.8,1.8,1.2,1.6,0.8,1.4,1.30684691352,1.5340105682999998,0.0,-0.20000000000000007,-0.9999999999999999,-5.200000000000001,-0.54063237462,-235.40000000000003,-0.4000000000000057,-148.8,-1.0,3.0,13.199999999999996,0.0,-0.40000000000000013,-0.5999999999999999,-0.22716365477999978
3754069,2016-01-02,191,1,37,HOME_WIN,2.4,1.4,1.8,1.0,1.2,0.8,10.8,7.8,1.5287406173,1.0369911745000002,577.6,399.0,115.4,164.8,446.2,260.4,33.0,54.6,8.6,6.0,21.8,38.4,2.6,1.2,2.0,0.8,0.8,2.0,1.8001852462999999,1.1829902140999997,1.0,0.8,0.3999999999999999,3.000000000000001,0.49174944279999977,178.60000000000002,-49.400000000000006,185.8,-21.6,2.5999999999999996,-16.599999999999998,1.4000000000000001,1.2,-1.2,0.6171950322000002
3754036,2016-01-02,192,41,59,HOME_WIN,0.0,0.6,0.6,0.6,2.4,1.4,11.2,12.0,1.1335234685,0.8179950422800001,369.2,452.2,149.6,138.4,269.6,332.8,37.2,43.6,10.2,6.2,28.2,29.8,1.2,0.4,1.0,0.6,0.6,2.2,1.154014618,0.6139817870800001,-0.6,0.0,1.0,-0.8000000000000007,0.3155284262199999,-83.0,11.199999999999989,-63.19999999999999,-6.399999999999999,3.999999999999999,-1.6000000000000014,0.7999999999999999,0.4,-1.6,0.5400328309199999
3754058,2016-01-02,193,22,28,DRAW,2.0,2.0,1.6,1.0,0.8,0.8,10.8,12.6,1.4504888338000002,1.16013267932,352.0,491.4,176.2,150.0,225.0,363.4,51.4,38.4,9.0,7.2,41.4,34.2,2.2,1.4,1.2,1.0,0.6,1.4,1.0327610793999997,1.30882329994,0.0,0.6000000000000001,0.0,-1.799999999999999,0.2903561544800002,-139.39999999999998,26.19999999999999,-138.39999999999998,13.0,1.7999999999999998,7.199999999999996,0.8000000000000003,0.19999999999999996,-0.7999999999999999,-0.2760622205400003
3754101,2016-01-02,194,56,25,HOME_WIN,1.4,0.8,1.0,1.2,1.4,1.2,8.6,15.2,0.84363792746,1.5831291784000001,406.8,472.8,140.8,154.4,283.4,352.4,41.8,48.4,3.6,6.0,36.0,28.0,1.6,0.8,1.0,0.8,0.6,1.4,0.96599501252,1.3034306437399998,0.5999999999999999,-0.19999999999999996,0.19999999999999996,-6.6,-0.7394912509400001,-66.0,-13.599999999999994,-69.0,-6.600000000000001,-2.4,8.0,0.8,0.19999999999999996,-0.7999999999999999,-0.33743563121999987
3754122,2016-01-02,195,27,30,HOME_WIN,1.0,2.0,1.0,1.8,1.2,1.0,10.8,13.2,0.9275039958000001,1.60695391,355.0,453.2,147.8,116.0,239.6,342.2,38.0,35.0,12.4,8.2,28.2,33.8,1.4,1.6,1.4,1.0,1.4,1.0,1.1888360095,1.3308810533400002,-1.0,-0.8,0.19999999999999996,-2.3999999999999986,-0.6794499142,-98.19999999999999,31.80000000000001,-102.6,3.0,4.200000000000001,-5.599999999999998,-0.20000000000000018,0.3999999999999999,0.3999999999999999,-0.14204504384000027
3754319,2016-01-02,196,39,26,HOME_WIN,0.4,1.0,0.4,0.4,1.2,1.0,13.2,11.4,1.39160849088,0.9033159865199998,592.6,571.0,140.2,137.2,439.6,436.0,40.8,36.8,8.8,7.0,13.4,25.6,1.2,0.8,0.6,0.6,0.4,1.0,1.1930746281,0.7972690860999999,-0.6,0.0,0.19999999999999996,1.799999999999999,0.48829250436000016,21.600000000000023,3.0,3.6000000000000227,4.0,1.8000000000000007,-12.200000000000001,0.3999999999999999,0.0,-0.6,0.39580554200000007
3754346,2016-01-02,197,23,36,AWAY_WIN,2.0,1.4,1.8,1.4,0.8,1.2,10.8,16.6,1.7237214250000001,1.38643035084,410.8,608.0,147.0,124.0,256.2,481.8,41.0,34.6,6.4,9.8,22.4,27.6,1.8,0.6,1.8,0.2,0.8,0.8,1.7337489823999999,1.1191733307199998,0.6000000000000001,0.40000000000000013,-0.3999999999999999,-5.800000000000001,0.33729107416000015,-197.2,23.0,-225.60000000000002,6.399999999999999,-3.4000000000000004,-5.200000000000003,1.2000000000000002,1.6,0.0,0.6145756516800001
3754114,2016-01-03,198,31,33,AWAY_WIN,1.8,1.0,0.8,1.2,0.4,1.2,11.0,14.4,1.0396184341999999,1.9293802648399996,402.4,557.6,165.8,141.0,289.6,398.6,39.4,41.0,8.0,9.4,38.8,20.0,1.6,0.4,1.2,0.4,0.4,1.0,1.00178050192,0.9648211477600002,0.8,-0.3999999999999999,-0.7999999999999999,-3.4000000000000004,-0.8897618306399997,-155.20000000000005,24.80000000000001,-109.0,-1.6000000000000014,-1.4000000000000004,18.799999999999997,1.2000000000000002,0.7999999999999999,-0.6,0.036959354159999736
3754140,2016-01-03,199,29,38,DRAW,1.0,2.0,1.6,1.8,1.8,0.8,16.6,12.8,1.903358663,1.1893403806999998,598.6,547.4,134.2,135.8,465.8,407.6,35.4,42.8,4.8,5.0,15.8,24.6,1.4,2.2,3.2,2.2,2.0,0.8,2.073255703,1.3068395858,-1.0,-0.19999999999999996,1.0,3.8000000000000007,0.7140182823000001,51.200000000000045,-1.6000000000000227,58.19999999999999,-7.399999999999999,-0.20000000000000018,-8.8,-0.8000000000000003,1.0,1.2,0.7664161172000001
3753981,2016-01-12,200,59,31,HOME_WIN,0.4,1.6,0.6,0.6,1.8,0.8,11.8,9.8,0.7395787052,1.0575340497999999,482.4,409.2,137.6,156.4,360.4,294.0,47.0,40.4,5.8,12.6,27.2,36.4,0.4,1.6,0.8,1.0,1.6,0.8,1.1413435076000003,0.85855858568,-1.2000000000000002,0.0,1.0,2.0,-0.31795534459999986,73.19999999999999,-18.80000000000001,66.39999999999998,6.600000000000001,-6.8,-9.2,-1.2000000000000002,-0.19999999999999996,0.8,0.28278492192000027
3754021,2016-01-12,201,28,40,AWAY_WIN,1.6,1.8,0.8,1.0,0.8,0.4,11.6,15.0,1.00627559412,1.294359918,510.6,360.4,158.2,138.4,378.2,259.0,40.2,50.6,9.8,9.8,36.4,43.8,1.0,0.6,1.2,0.4,2.0,1.4,1.01714961412,0.67217505246,-0.19999999999999996,-0.19999999999999996,0.4,-3.4000000000000004,-0.28808432388000016,150.20000000000005,19.799999999999983,119.19999999999999,-10.399999999999999,0.0,-7.399999999999999,0.4,0.7999999999999999,0.6000000000000001,0.34497456166000007
3754088,2016-01-12,202,37,39,DRAW,0.8,0.8,0.6,0.8,1.0,1.4,9.6,12.8,1.1667675145,1.3087576991799998,416.6,588.2,161.4,150.8,287.6,438.4,50.8,39.2,8.8,12.2,34.2,15.4,1.0,1.0,0.6,0.8,1.0,1.2,0.9908453900000002,1.08656336978,0.0,-0.20000000000000007,-0.3999999999999999,-3.200000000000001,-0.1419901846799998,-171.60000000000002,10.599999999999994,-150.79999999999995,11.599999999999994,-3.3999999999999986,18.800000000000004,0.0,-0.20000000000000007,-0.19999999999999996,-0.09571797977999974
3754032,2016-01-13,203,30,56,HOME_WIN,1.4,2.0,1.6,1.2,1.4,1.0,13.8,8.8,1.4694516908000002,0.9705673565999999,459.2,399.4,121.2,147.6,350.2,284.4,38.4,42.2,7.8,5.6,32.0,39.2,1.8,0.6,1.2,0.6,0.8,1.8,1.26122058718,0.80504460546,-0.6000000000000001,0.40000000000000013,0.3999999999999999,5.0,0.4988843342000002,59.80000000000001,-26.39999999999999,65.80000000000001,-3.8000000000000043,2.2,-7.200000000000003,1.2000000000000002,0.6,-1.0,0.45617598171999996
3754062,2016-01-13,204,33,27,DRAW,1.6,1.4,1.8,1.2,1.0,1.2,12.6,11.8,2.03684468194,1.2353350798,563.0,370.6,148.4,141.6,408.6,257.2,41.2,40.8,9.0,11.0,22.8,26.0,1.4,1.0,1.4,0.8,1.4,1.2,1.8045442283,0.5659192510000001,0.20000000000000018,0.6000000000000001,-0.19999999999999996,0.7999999999999989,0.8015096021399999,192.39999999999998,6.800000000000011,151.40000000000003,0.4000000000000057,-2.0,-3.1999999999999993,0.3999999999999999,0.5999999999999999,0.19999999999999996,1.2386249772999998
3754071,2016-01-13,205,26,41,AWAY_WIN,1.0,0.6,0.6,1.0,0.8,2.0,11.2,11.8,0.81822582012,1.1843115378999998,541.8,395.0,153.0,154.8,402.0,288.6,37.6,41.0,9.2,10.0,25.8,27.2,1.0,0.6,0.6,1.2,1.6,3.2,1.11453864572,1.4384165497999999,0.4,-0.4,-1.2,-0.6000000000000014,-0.36608571777999976,146.79999999999995,-1.8000000000000114,113.39999999999998,-3.3999999999999986,-0.8000000000000007,-1.3999999999999986,0.4,-0.6,-1.6,-0.32387790407999995
3754142,2016-01-13,206,36,29,DRAW,2.0,1.0,1.8,1.6,1.0,1.8,17.6,15.2,1.47909577664,1.6698905277999998,597.8,565.0,122.0,126.6,467.8,448.6,34.2,33.4,13.0,8.8,34.0,18.2,2.4,1.2,2.4,1.4,1.6,1.4,1.8963398867400003,1.3668819673,1.0,0.19999999999999996,-0.8,2.400000000000002,-0.1907947511599999,32.799999999999955,-4.599999999999994,19.19999999999999,0.8000000000000043,4.199999999999999,15.8,1.2,1.0,0.20000000000000018,0.5294579194400004
3754183,2016-01-13,207,25,23,HOME_WIN,0.6,1.4,1.0,1.6,1.2,1.2,12.6,10.4,1.195423236,1.5076801528000001,457.4,409.6,158.6,145.2,320.4,256.6,54.4,44.2,7.4,8.6,31.0,25.2,1.4,2.0,1.4,1.8,0.8,1.2,1.6029748382599998,1.4439484195999999,-0.7999999999999999,-0.6000000000000001,0.0,2.1999999999999993,-0.31225691680000023,47.799999999999955,13.400000000000006,63.799999999999955,10.199999999999996,-1.1999999999999993,5.800000000000001,-0.6000000000000001,-0.40000000000000013,-0.3999999999999999,0.1590264186599999
3754065,2016-01-13,208,38,22,AWAY_WIN,2.0,1.6,1.8,1.0,0.8,0.8,14.8,11.0,1.2133446307,1.5053859624000003,555.4,371.6,128.6,163.8,425.4,251.4,41.2,49.6,4.8,9.2,26.8,39.4,2.0,2.4,2.2,2.4,0.8,1.0,1.5338926019999999,2.114553667,0.3999999999999999,0.8,0.0,3.8000000000000007,-0.29204133170000035,183.79999999999995,-35.20000000000002,173.99999999999997,-8.399999999999999,-4.3999999999999995,-12.599999999999998,-0.3999999999999999,-0.19999999999999973,-0.19999999999999996,-0.5806610650000001
3754305,2016-01-13,209,24,1,DRAW,1.4,2.4,0.8,1.4,1.4,1.0,21.2,10.6,1.6676197960399999,1.53216359536,588.0,533.2,145.4,138.8,400.4,410.6,48.0,33.0,8.6,10.4,25.8,23.2,1.6,1.4,1.2,1.4,1.0,1.4,1.6104346108599998,1.5361550512000002,-1.0,-0.5999999999999999,0.3999999999999999,10.6,0.13545620067999997,54.799999999999955,6.599999999999994,-10.200000000000045,15.0,-1.8000000000000007,2.6000000000000014,0.20000000000000018,-0.19999999999999996,-0.3999999999999999,0.07427955965999966
3754027,2016-01-16,210,38,41,HOME_WIN,2.0,1.2,1.6,1.8,0.6,2.2,15.0,10.0,1.28347666766,1.3421621788999998,553.4,393.2,132.2,157.2,430.4,286.6,39.8,39.6,7.0,11.6,31.6,25.8,1.4,1.2,1.6,1.6,0.8,2.4,1.6099041705600001,1.5186804723999998,0.8,-0.19999999999999996,-1.6,5.0,-0.058685511239999766,160.2,-25.0,143.79999999999995,0.19999999999999574,-4.6,5.800000000000001,0.19999999999999996,0.0,-1.5999999999999999,0.09122369816000031
3754004,2016-01-16,211,28,56,HOME_WIN,1.0,1.8,0.6,1.2,1.2,1.4,11.6,8.2,0.86471072984,0.7740939396,522.6,389.8,181.6,145.8,397.6,280.6,41.8,40.0,12.4,5.6,36.2,38.8,1.0,0.6,1.2,0.6,1.6,2.0,0.9779771770400002,0.59220109866,-0.8,-0.6,-0.19999999999999996,3.4000000000000004,0.09061679024000002,132.8,35.79999999999998,117.0,1.7999999999999972,6.800000000000001,-2.5999999999999943,0.4,0.6,-0.3999999999999999,0.38577607838000016
3754125,2016-01-16,212,33,29,DRAW,1.8,1.0,2.0,1.4,1.0,1.6,13.2,13.6,1.9098447743399998,1.3644767642,549.6,536.8,155.4,152.2,413.0,442.2,41.2,33.4,10.6,9.0,29.6,22.8,1.6,1.4,1.6,1.2,1.2,1.0,1.9913911176999997,1.2770863093,0.8,0.6000000000000001,-0.6000000000000001,-0.40000000000000036,0.5453680101399998,12.800000000000068,3.200000000000017,-29.19999999999999,7.800000000000004,1.5999999999999996,6.800000000000001,0.20000000000000018,0.40000000000000013,0.19999999999999996,0.7143048083999997
3754168,2016-01-16,213,25,27,HOME_WIN,1.2,1.4,1.4,1.2,1.0,1.2,12.6,13.8,1.3641417405999998,1.3198159164,463.6,383.0,159.8,150.0,328.0,265.0,55.2,43.4,10.4,11.8,34.2,24.6,1.4,0.6,1.4,1.0,0.8,1.6,1.7633578382,0.627336026,-0.19999999999999996,0.19999999999999996,-0.19999999999999996,-1.200000000000001,0.04432582419999975,80.60000000000002,9.800000000000011,63.0,11.800000000000004,-1.4000000000000004,9.600000000000001,0.7999999999999999,0.3999999999999999,-0.8,1.1360218121999999
3754260,2016-01-16,214,36,31,HOME_WIN,1.6,1.0,1.4,0.4,0.8,1.0,19.2,9.0,1.59549196364,0.8968442481599999,598.0,428.0,121.0,158.6,485.0,314.6,32.2,38.2,14.2,13.2,32.8,35.8,2.0,1.6,2.0,1.0,1.4,0.8,1.4889600477400002,0.8645269045599999,0.6000000000000001,0.9999999999999999,-0.19999999999999996,10.2,0.6986477154800002,170.0,-37.599999999999994,170.39999999999998,-6.0,1.0,-3.0,0.3999999999999999,1.0,0.5999999999999999,0.6244331431800003
3754338,2016-01-16,215,37,40,HOME_WIN,0.4,2.2,0.8,1.6,1.4,0.6,10.8,12.0,1.29957385584,1.0895782561399998,446.4,369.0,167.4,154.8,339.0,273.6,49.4,50.8,13.6,14.8,33.6,45.8,1.0,1.2,1.2,1.0,1.6,1.2,1.14735393874,0.6508615310000001,-1.8000000000000003,-0.8,0.7999999999999999,-1.1999999999999993,0.20999559970000026,77.39999999999998,12.599999999999994,65.39999999999998,-1.3999999999999986,-1.200000000000001,-12.199999999999996,-0.19999999999999996,0.19999999999999996,0.40000000000000013,0.4964924077399999
3754250,2016-01-16,216,59,22,DRAW,1.0,1.6,0.8,0.8,1.4,0.6,10.6,11.2,0.6732471704,1.5923702020000003,490.6,370.6,147.6,161.8,366.4,247.4,51.4,51.4,6.0,12.8,27.4,42.8,1.0,2.4,0.8,2.0,1.2,0.6,1.0712713554,1.9944641624,-0.6000000000000001,0.0,0.7999999999999999,-0.5999999999999996,-0.9191230316000003,120.0,-14.200000000000017,118.99999999999997,0.0,-6.800000000000001,-15.399999999999999,-1.4,-1.2,0.6,-0.923192807
3754345,2016-01-17,217,24,39,AWAY_WIN,1.4,1.0,1.0,1.2,1.6,1.6,20.2,13.0,1.4406953536399998,1.37547164478,564.2,575.4,157.6,163.6,373.2,418.6,46.4,37.0,11.6,14.8,34.0,16.8,1.6,1.0,1.6,1.4,1.4,1.8,1.7182288602,1.3422953759799998,0.3999999999999999,-0.19999999999999996,0.0,7.199999999999999,0.06522370885999984,-11.199999999999932,-6.0,-45.400000000000034,9.399999999999999,-3.200000000000001,17.2,0.6000000000000001,0.20000000000000018,-0.40000000000000013,0.37593348422000017
3754202,2016-01-17,218,30,1,DRAW,1.8,2.0,2.2,1.6,1.6,1.6,14.8,11.6,1.477867209,1.5048802129599999,504.4,499.6,120.2,145.0,379.4,395.0,37.0,33.8,8.4,12.2,30.2,29.0,2.4,1.0,1.8,1.4,0.6,2.0,1.4719463938000001,1.5601315018000002,-0.19999999999999996,0.6000000000000001,0.0,3.200000000000001,-0.027013003959999837,4.7999999999999545,-24.799999999999997,-15.600000000000023,3.200000000000003,-3.799999999999999,1.1999999999999993,1.4,0.40000000000000013,-1.4,-0.08818510800000001
3754161,2016-01-18,219,26,23,HOME_WIN,1.0,0.8,0.8,1.4,1.2,1.6,10.8,8.6,0.8302094957200001,1.1587031637999998,532.8,409.2,161.6,151.2,376.0,251.0,36.2,43.4,11.6,11.2,26.0,23.6,1.0,1.4,1.0,1.4,1.8,1.6,1.30732829432,1.269701748,0.19999999999999996,-0.5999999999999999,-0.40000000000000013,2.200000000000001,-0.3284936680799997,123.59999999999997,10.400000000000006,125.0,-7.199999999999996,0.40000000000000036,2.3999999999999986,-0.3999999999999999,-0.3999999999999999,0.19999999999999996,0.037626546320000065
3754348,2016-01-23,220,56,24,AWAY_WIN,1.2,1.4,0.8,1.0,1.8,1.2,9.0,21.8,0.6750914899,1.59854988304,421.4,553.8,146.0,158.0,305.6,385.8,40.8,50.4,6.2,14.4,31.0,33.0,2.2,1.2,1.2,1.0,0.4,1.6,1.04421479772,1.71955362392,-0.19999999999999996,-0.19999999999999996,0.6000000000000001,-12.8,-0.92345839314,-132.39999999999998,-12.0,-80.19999999999999,-9.600000000000001,-8.2,-2.0,1.0000000000000002,0.19999999999999996,-1.2000000000000002,-0.6753388262
3753975,2016-01-23,221,41,28,DRAW,1.2,1.0,1.8,0.8,2.4,1.0,8.8,11.2,1.1228889505999997,0.9598014960400001,395.2,481.4,156.4,195.6,287.6,372.6,38.6,44.4,13.2,13.0,28.6,34.8,1.2,1.6,1.0,1.0,0.8,1.0,0.9642840912,1.31319562854,0.19999999999999996,1.0,1.4,-2.3999999999999986,0.16308745455999962,-86.19999999999999,-39.19999999999999,-85.0,-5.799999999999997,0.1999999999999993,-6.199999999999996,-0.40000000000000013,0.0,-0.19999999999999996,-0.3489115373399999
3754084,2016-01-23,222,27,59,DRAW,1.4,1.0,1.0,0.8,1.4,1.4,14.6,11.4,1.3436031566,0.8068457805,404.4,503.4,157.4,152.0,276.0,375.8,44.6,47.6,13.0,6.6,26.4,32.0,2.0,0.4,1.4,0.6,1.0,2.2,1.2978299582000001,0.60489051388,0.3999999999999999,0.19999999999999996,0.0,3.1999999999999993,0.5367573761,-99.0,5.400000000000006,-99.80000000000001,-3.0,6.4,-5.600000000000001,1.6,0.7999999999999999,-1.2000000000000002,0.6929394443200001
3754179,2016-01-23,223,31,38,AWAY_WIN,0.4,2.0,0.0,2.0,1.6,0.8,8.6,17.8,0.6937299356800001,1.5707552761599999,445.8,599.0,169.0,127.4,329.0,469.6,41.6,37.2,14.2,9.0,30.4,32.6,1.4,1.8,1.2,1.4,1.0,0.8,1.0104397817200002,0.8892134186,-1.6,-2.0,0.8,-9.200000000000001,-0.8770253404799998,-153.2,41.599999999999994,-140.60000000000002,4.399999999999999,5.199999999999999,-2.200000000000003,-0.40000000000000013,-0.19999999999999996,0.19999999999999996,0.12122636312000012
3754200,2016-01-23,224,39,25,AWAY_WIN,1.6,1.8,1.2,2.0,1.2,0.6,12.2,12.2,1.2888488002399998,1.4148515526,531.6,475.6,177.6,155.2,398.0,333.8,39.0,53.4,17.6,11.2,22.4,38.8,1.6,0.6,1.0,0.6,0.6,1.4,1.4263197644999999,1.20271566594,-0.19999999999999996,-0.8,0.6,0.0,-0.12600275236000025,56.0,22.400000000000006,64.19999999999999,-14.399999999999999,6.400000000000002,-16.4,1.0,0.4,-0.7999999999999999,0.22360409855999985
3754271,2016-01-23,225,23,37,HOME_WIN,0.2,0.8,0.8,1.0,1.8,1.4,9.8,13.8,0.8974429178,1.55887785404,425.6,460.4,155.0,163.2,271.4,360.0,44.0,47.2,13.2,15.6,30.0,31.8,1.2,1.2,1.6,0.8,1.2,1.6,1.5806448202,0.9105875323000001,-0.6000000000000001,-0.19999999999999996,0.40000000000000013,-4.0,-0.6614349362399999,-34.799999999999955,-8.199999999999989,-88.60000000000002,-3.200000000000003,-2.4000000000000004,-1.8000000000000007,0.0,0.8,-0.40000000000000013,0.6700572879
3754341,2016-01-23,226,22,30,HOME_WIN,1.2,2.0,0.4,2.0,0.4,1.2,11.6,12.6,1.5642896060000002,1.1613877418,394.6,492.8,161.8,142.8,268.6,370.4,53.4,36.8,13.4,10.4,45.2,28.8,1.8,1.4,1.0,1.2,0.6,1.4,1.3314550490000001,1.2302811878,-0.8,-1.6,-0.7999999999999999,-1.0,0.4029018642000002,-98.19999999999999,19.0,-101.79999999999995,16.6,3.0,16.400000000000002,0.40000000000000013,-0.19999999999999996,-0.7999999999999999,0.10117386120000016
3754110,2016-01-23,227,40,36,DRAW,2.0,2.2,1.8,2.0,1.0,0.4,11.8,18.8,1.31888156054,1.71991997724,407.6,560.0,156.6,143.6,311.4,454.0,52.2,34.2,16.8,19.0,42.2,35.4,1.8,1.0,1.2,0.6,0.6,1.0,1.5822441262000002,1.24300100218,-0.20000000000000018,-0.19999999999999996,0.6,-7.0,-0.40103841670000007,-152.39999999999998,13.0,-142.60000000000002,18.0,-2.1999999999999993,6.800000000000004,0.8,0.6,-0.4,0.33924312402000023
3754163,2016-01-24,228,29,26,AWAY_WIN,1.2,1.4,1.6,1.0,1.6,1.2,12.6,8.4,1.2955237560000001,0.7139564115200001,517.2,497.0,160.0,178.0,434.6,354.2,32.4,41.2,13.0,13.2,24.8,30.6,1.0,0.2,2.2,0.4,1.8,1.2,1.7770137268,0.5919791091,-0.19999999999999996,0.6000000000000001,0.40000000000000013,4.199999999999999,0.58156734448,20.200000000000045,-18.0,80.40000000000003,-8.800000000000004,-0.1999999999999993,-5.800000000000001,0.8,1.8000000000000003,0.6000000000000001,1.1850346177
3754111,2016-01-24,229,1,33,AWAY_WIN,1.6,1.4,1.2,2.0,1.4,1.4,11.6,12.6,1.3325211957599998,1.7125770733399999,521.8,547.2,140.4,169.0,409.2,423.8,34.2,41.4,13.4,13.0,30.4,30.8,2.6,1.0,1.8,0.8,0.6,0.6,1.6763712193599996,1.18760385134,0.20000000000000018,-0.8,0.0,-1.0,-0.38005587758000003,-25.40000000000009,-28.599999999999994,-14.600000000000023,-7.199999999999996,0.40000000000000036,-0.40000000000000213,1.6,1.0,0.0,0.48876736801999954
3753997,2016-02-02,230,40,59,HOME_WIN,2.0,1.0,2.0,0.6,1.2,1.2,11.8,11.6,1.3636927804599999,0.6220455381000001,424.6,500.8,151.2,144.6,333.0,382.0,49.0,47.6,17.8,8.4,40.8,35.0,1.8,0.6,1.4,0.6,0.8,1.4,1.5970932417200001,0.51052233508,1.0,1.4,0.0,0.20000000000000107,0.7416472423599998,-76.19999999999999,6.599999999999994,-49.0,1.3999999999999986,9.4,5.799999999999997,1.2000000000000002,0.7999999999999999,-0.5999999999999999,1.08657090664
3754095,2016-02-02,231,41,36,AWAY_WIN,1.4,1.8,1.8,1.6,1.8,0.6,8.6,18.2,0.9720747889999999,1.53914122364,413.2,527.8,165.2,151.4,300.8,413.6,42.8,35.4,17.8,22.4,32.2,41.0,1.4,1.0,1.2,1.0,0.8,1.4,0.9512649716,1.2376865893799998,-0.40000000000000013,0.19999999999999996,1.2000000000000002,-9.6,-0.5670664346400001,-114.59999999999997,13.799999999999983,-112.80000000000001,7.399999999999999,-4.599999999999998,-8.799999999999997,0.3999999999999999,0.19999999999999996,-0.5999999999999999,-0.28642161777999975
3754201,2016-02-02,232,1,25,DRAW,1.6,1.8,1.2,1.4,0.8,0.6,12.0,10.8,1.4038494301599997,1.1477583515999998,504.2,487.8,153.6,154.8,386.4,334.8,35.4,55.0,14.8,15.0,24.6,41.2,2.4,0.6,1.6,0.6,0.6,1.4,1.5912577237599996,0.9580605785999998,-0.19999999999999996,-0.19999999999999996,0.20000000000000007,1.1999999999999993,0.2560910785599999,16.399999999999977,-1.200000000000017,51.599999999999966,-19.6,-0.1999999999999993,-16.6,1.7999999999999998,1.0,-0.7999999999999999,0.6331971451599998
3754275,2016-02-02,233,22,24,HOME_WIN,1.8,1.4,1.0,1.8,0.2,2.0,13.0,19.4,1.7789230136,1.5675117700399999,411.8,525.8,167.6,165.2,283.8,378.0,51.0,51.6,14.2,14.6,38.6,37.8,1.8,1.2,1.2,1.2,0.4,2.2,1.3337510334,1.3949445535199998,0.40000000000000013,-0.8,-1.8,-6.399999999999999,0.21141124356000018,-113.99999999999994,2.4000000000000057,-94.19999999999999,-0.6000000000000014,-0.40000000000000036,0.8000000000000043,0.6000000000000001,0.0,-1.8000000000000003,-0.06119352011999979
3754317,2016-02-02,234,56,38,AWAY_WIN,1.2,2.0,1.6,2.0,2.2,1.0,8.2,19.8,0.7472284230999999,1.4025082375199998,428.4,605.2,147.8,128.0,310.6,470.2,43.4,38.6,7.6,9.0,31.0,35.0,1.6,2.2,1.8,1.8,1.4,0.8,1.0709876716,0.9645021322600001,-0.8,-0.3999999999999999,1.2000000000000002,-11.600000000000001,-0.6552798144199998,-176.80000000000007,19.80000000000001,-159.59999999999997,4.799999999999997,-1.4000000000000004,-4.0,-0.6000000000000001,0.0,0.5999999999999999,0.10648553933999982
3754089,2016-02-02,235,31,28,AWAY_WIN,0.2,1.0,0.2,1.0,2.2,1.2,9.4,12.2,0.7654039888799999,1.03035604572,426.4,494.0,178.0,210.2,311.6,386.0,42.2,43.0,17.4,16.0,31.0,32.6,1.4,1.6,1.4,0.8,1.4,0.8,1.05654270132,1.1916128306,-0.8,-0.8,1.0000000000000002,-2.799999999999999,-0.2649520568400001,-67.60000000000002,-32.19999999999999,-74.39999999999998,-0.7999999999999972,1.3999999999999986,-1.6000000000000014,-0.20000000000000018,0.5999999999999999,0.5999999999999999,-0.13507012928000006
3754094,2016-02-02,236,39,30,HOME_WIN,1.6,1.4,1.2,1.6,1.0,1.8,11.8,10.6,1.07012144658,0.9767305150000002,531.2,520.0,180.0,145.6,403.4,389.0,41.8,37.2,21.4,16.0,25.6,23.8,1.0,0.8,0.6,1.0,0.8,2.0,1.17032420162,0.9781833598000003,0.20000000000000018,-0.40000000000000013,-0.8,1.200000000000001,0.09339093157999978,11.200000000000045,34.400000000000006,14.399999999999977,4.599999999999994,5.399999999999999,1.8000000000000007,0.19999999999999996,-0.4,-1.2,0.19214084181999969
3754340,2016-02-02,237,27,26,DRAW,1.6,1.4,1.0,1.2,1.2,1.4,13.8,8.4,1.3134919034,0.7698943076,383.6,478.6,165.0,173.4,255.4,352.0,47.2,41.8,13.8,17.0,27.8,30.8,1.6,0.8,1.0,0.8,0.8,1.2,1.3078339744000003,0.7457682234,0.20000000000000018,-0.19999999999999996,-0.19999999999999996,5.4,0.5435975958000001,-95.0,-8.400000000000006,-96.6,5.400000000000006,-3.1999999999999993,-3.0,0.8,0.19999999999999996,-0.3999999999999999,0.5620657510000002
3754103,2016-02-03,238,23,33,DRAW,0.6,1.8,0.8,1.8,1.6,1.0,9.8,11.6,1.0002238316,1.50591863754,452.0,548.0,152.4,177.8,298.8,415.0,47.4,38.6,16.0,15.6,33.2,32.0,1.8,1.6,1.8,1.0,1.0,0.4,1.6729061827999998,1.25356713054,-1.2000000000000002,-1.0,0.6000000000000001,-1.799999999999999,-0.5056948059399999,-96.0,-25.400000000000006,-116.19999999999999,8.799999999999997,0.40000000000000036,1.2000000000000028,0.19999999999999996,0.8,0.6,0.4193390522599998
3754252,2016-02-03,239,29,37,HOME_WIN,0.6,0.8,1.6,1.2,2.0,1.6,12.4,14.2,1.2452490502,1.4897246890400002,533.2,472.8,164.8,163.0,439.6,362.0,30.0,52.2,17.6,22.2,25.8,31.8,0.4,0.6,1.6,0.8,2.2,2.0,1.6237036178,1.0382789577000002,-0.20000000000000007,0.40000000000000013,0.3999999999999999,-1.799999999999999,-0.24447563884000023,60.400000000000034,1.8000000000000114,77.60000000000002,-22.200000000000003,-4.599999999999998,-6.0,-0.19999999999999996,0.8,0.20000000000000018,0.5854246600999997
3754290,2016-02-06,240,36,22,AWAY_WIN,2.2,2.2,1.8,1.4,0.6,0.2,15.6,13.2,1.31656490574,1.8429267234000002,510.8,411.6,152.4,173.6,413.0,287.0,36.8,52.6,21.0,16.2,38.2,37.0,2.6,2.0,2.6,1.6,0.6,0.8,1.6827038340000002,1.8059054857999999,0.0,0.40000000000000013,0.39999999999999997,2.4000000000000004,-0.5263618176600002,99.19999999999999,-21.19999999999999,126.0,-15.800000000000004,4.800000000000001,1.2000000000000028,0.6000000000000001,1.0,-0.20000000000000007,-0.12320165179999965
3754080,2016-02-06,241,38,23,HOME_WIN,2.0,0.8,2.2,0.6,0.8,1.2,21.4,10.6,1.7995309315199997,0.9595230441999998,581.0,474.0,148.0,164.8,439.2,325.4,42.0,48.4,13.2,18.0,32.6,34.8,1.4,1.4,1.6,1.2,0.8,1.4,1.62333422516,1.1721530188,1.2,1.6,-0.3999999999999999,10.799999999999999,0.8400078873199999,107.0,-16.80000000000001,113.80000000000001,-6.399999999999999,-4.800000000000001,-2.1999999999999957,0.0,0.40000000000000013,-0.5999999999999999,0.45118120636000003
3754127,2016-02-06,242,30,29,AWAY_WIN,0.8,1.2,0.8,1.6,1.8,1.2,11.0,13.4,0.8072487558000001,1.4151523588,526.4,526.0,160.4,174.6,397.6,441.2,39.8,33.0,18.8,18.0,22.2,32.4,2.0,1.4,1.6,1.6,0.6,1.4,1.5073047006,1.2139781534,-0.3999999999999999,-0.8,0.6000000000000001,-2.4000000000000004,-0.6079036029999998,0.39999999999997726,-14.199999999999989,-43.599999999999966,6.799999999999997,0.8000000000000007,-10.2,0.6000000000000001,0.0,-0.7999999999999999,0.29332654719999995
3754292,2016-02-06,243,37,27,HOME_WIN,0.8,1.2,1.2,1.0,2.0,1.4,14.2,13.0,1.50569333594,1.3128518074,479.4,392.4,169.6,169.4,378.4,255.8,49.6,48.8,22.4,12.6,26.2,26.2,1.6,0.6,1.6,1.0,1.2,1.8,1.53770036994,0.6383944471999999,-0.3999999999999999,0.19999999999999996,0.6000000000000001,1.1999999999999993,0.19284152854000003,87.0,0.19999999999998863,122.59999999999997,0.8000000000000043,9.799999999999999,0.0,1.0,0.6000000000000001,-0.6000000000000001,0.8993059227400001
3754303,2016-02-06,244,26,31,DRAW,1.4,0.0,1.4,0.4,1.6,2.6,11.0,10.2,1.031931136,0.94442771328,494.0,423.8,166.4,175.6,365.8,306.8,43.2,44.0,16.0,16.6,37.4,27.2,1.4,1.0,0.8,0.6,1.4,1.4,0.97604242292,0.9369402067599999,1.4,0.9999999999999999,-1.0,0.8000000000000007,0.08750342272000011,70.19999999999999,-9.199999999999989,59.0,-0.7999999999999972,-0.6000000000000014,10.2,0.3999999999999999,0.20000000000000007,0.0,0.03910221616000009
3754306,2016-02-06,245,59,56,HOME_WIN,1.0,0.6,0.6,1.2,1.2,2.8,11.2,8.6,0.5904923577,0.8660337916999999,480.0,432.2,150.0,160.0,367.0,304.2,46.4,42.4,9.4,10.6,34.6,32.6,1.0,0.6,1.0,0.6,1.4,2.4,1.2472126990999999,0.61668934016,0.4,-0.6,-1.5999999999999999,2.5999999999999996,-0.275541434,47.80000000000001,-10.0,62.80000000000001,4.0,-1.1999999999999993,2.0,0.4,0.4,-1.0,0.6305233589399999
3754316,2016-02-06,246,24,41,DRAW,0.8,1.4,1.6,1.8,2.4,1.8,18.8,9.4,1.3004299424999999,1.1020223579999997,549.4,435.6,168.4,177.6,405.8,304.6,54.4,44.8,15.8,17.2,38.0,26.6,1.6,0.6,1.4,1.6,1.2,3.2,1.6429803432,1.2887574340999999,-0.5999999999999999,-0.19999999999999996,0.5999999999999999,9.4,0.19840758450000018,113.79999999999995,-9.199999999999989,101.19999999999999,9.600000000000001,-1.3999999999999986,11.399999999999999,1.0,-0.20000000000000018,-2.0,0.3542229091000002
3754120,2016-02-06,247,25,40,HOME_WIN,2.0,2.0,1.2,2.0,0.2,1.0,11.0,14.4,1.12662061454,1.6157834942,466.0,475.4,167.8,144.0,324.2,387.0,53.4,45.0,15.6,15.4,34.4,39.0,2.0,1.2,2.0,1.0,0.6,0.8,1.792827239,0.8157583947999999,0.0,-0.8,-0.8,-3.4000000000000004,-0.48916287966000005,-9.399999999999977,23.80000000000001,-62.80000000000001,8.399999999999999,0.1999999999999993,-4.600000000000001,0.8,1.0,-0.20000000000000007,0.9770688442000001
3754253,2016-02-07,248,28,1,AWAY_WIN,1.6,1.2,1.4,0.8,1.0,0.8,11.8,14.0,1.11132752432,1.5403340358599997,470.2,507.0,200.2,154.8,363.2,370.8,45.6,36.4,16.8,14.0,35.2,26.8,1.6,1.2,1.8,1.2,1.4,1.6,1.21518902924,1.302511907,0.40000000000000013,0.5999999999999999,0.19999999999999996,-2.1999999999999993,-0.4290065115399997,-36.80000000000001,45.39999999999998,-7.600000000000023,9.200000000000003,2.8000000000000007,8.400000000000002,0.40000000000000013,0.6000000000000001,-0.20000000000000018,-0.08732287775999992
3754281,2016-02-07,249,33,39,DRAW,1.8,2.0,1.8,1.8,1.0,1.0,12.6,12.2,1.5186325846,1.3043217161799998,597.2,497.6,171.0,181.2,473.6,373.0,42.8,46.8,16.8,20.4,32.8,30.8,1.2,1.0,2.0,1.2,1.8,1.6,2.0609422863,1.20920618424,-0.19999999999999996,0.0,0.0,0.40000000000000036,0.21431086842000013,99.60000000000002,-10.199999999999989,100.60000000000002,-4.0,-3.599999999999998,1.9999999999999964,0.19999999999999996,0.8,0.19999999999999996,0.85173610206
3754031,2016-02-13,250,41,39,HOME_WIN,1.0,1.6,1.6,1.6,2.0,1.0,8.2,11.6,0.9844157939999999,1.16355685668,410.4,486.8,179.8,178.0,280.4,363.8,41.2,50.2,20.4,18.6,31.0,33.8,0.8,1.0,0.8,1.2,1.0,1.6,0.9467883924,1.19494128914,-0.6000000000000001,0.0,1.0,-3.4000000000000004,-0.17914106268000018,-76.40000000000003,1.8000000000000114,-83.40000000000003,-9.0,1.7999999999999972,-2.799999999999997,-0.19999999999999996,-0.3999999999999999,-0.6000000000000001,-0.24815289673999996
3754039,2016-02-13,251,31,23,AWAY_WIN,0.2,0.8,0.6,0.4,2.2,1.0,11.0,9.0,0.93901881068,0.7621705473999999,419.6,454.6,181.6,174.8,299.4,306.4,47.8,46.6,17.8,16.2,23.2,34.8,0.8,0.8,0.6,0.6,1.6,1.2,1.0471059407199999,0.8490611814,-0.6000000000000001,0.19999999999999996,1.2000000000000002,2.0,0.17684826328000014,-35.0,6.799999999999983,-7.0,1.1999999999999957,1.6000000000000014,-11.599999999999998,0.0,0.0,0.40000000000000013,0.19804475931999987
3754139,2016-02-13,252,26,25,AWAY_WIN,1.6,2.6,1.4,1.4,1.4,0.0,13.0,10.6,1.27295201174,1.09156880794,508.4,424.6,155.6,166.6,382.0,304.6,49.0,46.0,14.8,16.8,38.6,36.0,1.6,0.8,1.0,0.4,1.0,0.8,1.13197313226,0.9169225539399999,-1.0,0.0,1.4,2.4000000000000004,0.18138320379999984,83.79999999999995,-11.0,77.39999999999998,3.0,-2.0,2.6000000000000014,0.8,0.6,0.19999999999999996,0.21505057832000007
3754244,2016-02-13,253,56,40,DRAW,0.0,1.4,1.0,1.6,3.2,1.2,9.2,14.8,0.8614464473,1.3587942552000003,442.8,527.2,161.2,139.4,308.0,424.2,45.0,42.8,10.2,14.4,29.4,30.6,1.4,1.0,1.6,1.0,1.8,1.0,1.092982379,0.866068366,-1.4,-0.6000000000000001,2.0,-5.600000000000001,-0.4973478079000003,-84.40000000000003,21.799999999999983,-116.19999999999999,2.200000000000003,-4.200000000000001,-1.2000000000000028,0.3999999999999999,0.6000000000000001,0.8,0.22691401299999991
3754274,2016-02-13,254,28,30,AWAY_WIN,1.4,0.8,1.4,0.6,1.4,2.0,13.4,11.2,1.05706241172,0.77403909224,488.2,564.2,209.2,166.4,393.2,438.8,43.4,39.2,15.4,18.8,31.8,19.2,1.4,0.8,1.2,1.0,1.2,2.2,1.0625504164400001,0.9068979652000001,0.5999999999999999,0.7999999999999999,-0.6000000000000001,2.200000000000001,0.28302331948000004,-76.00000000000006,42.79999999999998,-45.60000000000002,4.199999999999996,-3.4000000000000004,12.600000000000001,0.5999999999999999,0.19999999999999996,-1.0000000000000002,0.15565245124000004
3754350,2016-02-13,255,29,27,AWAY_WIN,1.6,0.6,2.0,0.6,1.0,1.4,13.8,10.8,1.8030421359999997,0.9044600837999998,509.2,366.0,190.4,174.6,416.8,229.2,34.0,47.6,17.0,11.6,33.6,30.0,0.8,0.4,2.0,0.8,2.0,1.8,1.8668799813999999,0.5921452229999999,1.0,1.4,-0.3999999999999999,3.0,0.8985820522,143.2,15.800000000000011,187.60000000000002,-13.600000000000001,5.4,3.6000000000000014,0.4,1.2,0.19999999999999996,1.2747347584
3754264,2016-02-13,256,33,37,HOME_WIN,1.4,1.4,1.4,1.4,1.2,1.8,14.0,15.2,1.5152173618,1.5037801604800003,561.8,491.4,160.2,160.8,445.6,378.4,43.0,47.2,19.8,22.8,34.4,27.0,1.4,0.6,2.2,0.6,1.8,1.6,2.1649914806,1.0049841405000002,0.0,0.0,-0.6000000000000001,-1.1999999999999993,0.011437201319999701,70.39999999999998,-0.6000000000000227,67.20000000000005,-4.200000000000003,-3.0,7.399999999999999,0.7999999999999999,1.6,0.19999999999999996,1.1600073400999997
3754261,2016-02-14,257,1,22,HOME_WIN,1.2,2.6,1.0,2.0,0.8,0.4,13.0,12.2,1.3197137066799998,1.6064287546,508.4,368.0,173.0,177.2,373.6,250.6,37.0,55.8,17.0,19.6,28.4,40.2,2.0,2.0,1.0,1.6,0.4,1.0,1.70954642896,1.6243046456,-1.4000000000000001,-1.0,0.4,0.8000000000000007,-0.28671504792000024,140.39999999999998,-4.199999999999989,123.00000000000003,-18.799999999999997,-2.6000000000000014,-11.800000000000004,0.0,-0.6000000000000001,-0.6,0.08524178335999988
3754214,2016-02-14,258,59,24,AWAY_WIN,1.6,1.0,0.8,2.0,0.6,2.4,11.6,17.8,0.6556960360999999,1.3014989813999998,460.8,587.2,157.2,153.4,345.2,446.6,48.6,49.2,10.4,13.6,39.2,36.8,1.6,1.2,1.0,1.2,0.8,2.2,1.0144891897,1.26270981644,0.6000000000000001,-1.2,-1.7999999999999998,-6.200000000000001,-0.6458029452999998,-126.40000000000003,3.799999999999983,-101.40000000000003,-0.6000000000000014,-3.1999999999999993,2.4000000000000057,0.40000000000000013,-0.19999999999999996,-1.4000000000000001,-0.24822062674
3754147,2016-02-14,259,36,38,AWAY_WIN,1.6,2.4,1.6,2.2,1.0,0.6,16.4,22.8,1.3467518043999998,2.0767455756799995,541.0,579.6,152.2,156.4,438.4,436.2,35.8,41.0,20.8,14.2,35.4,30.4,2.0,2.6,2.2,2.2,1.0,0.6,1.5675966556,1.3265801838599998,-0.7999999999999998,-0.6000000000000001,0.4,-6.400000000000002,-0.7299937712799998,-38.60000000000002,-4.200000000000017,2.1999999999999886,-5.200000000000003,6.600000000000001,5.0,-0.6000000000000001,0.0,0.4,0.2410164717400003
3754331,2016-02-27,260,40,41,HOME_WIN,1.0,1.0,1.4,1.2,1.4,1.8,15.4,11.0,1.5409816574000004,0.9095974263999999,527.2,375.0,132.0,177.0,407.8,251.4,42.8,40.6,14.0,22.4,28.0,31.6,2.2,0.8,1.6,1.8,0.6,3.0,1.7870858072000004,1.2219389394999998,0.0,0.19999999999999996,-0.40000000000000013,4.4,0.6313842310000005,152.20000000000005,-45.0,156.4,2.1999999999999957,-8.399999999999999,-3.6000000000000014,1.4000000000000001,-0.19999999999999996,-2.4,0.5651468677000007
3754012,2016-02-27,261,25,33,AWAY_WIN,2.6,1.8,1.2,2.0,0.0,1.0,10.6,14.0,0.96596202184,1.6782376541999997,413.0,570.4,162.2,178.8,298.2,454.2,46.2,41.8,18.2,17.4,38.6,29.0,2.4,1.6,2.0,1.0,0.4,0.4,1.3700694900000001,1.3870705631400002,0.8,-0.8,-1.0,-3.4000000000000004,-0.7122756323599997,-157.39999999999998,-16.600000000000023,-156.0,4.400000000000006,0.8000000000000007,9.600000000000001,0.7999999999999998,1.0,0.0,-0.0170010731400001
3754049,2016-02-27,262,22,56,HOME_WIN,2.0,0.2,2.0,1.2,0.8,3.0,11.6,10.8,1.6108948878,1.0371738257,366.0,446.4,181.2,166.4,259.2,306.8,59.4,51.0,19.8,12.2,35.4,31.2,2.2,0.6,1.4,0.6,0.2,2.4,1.4875100714000002,0.7390314249,1.8,0.8,-2.2,0.7999999999999989,0.5737210621,-80.39999999999998,14.799999999999983,-47.60000000000002,8.399999999999999,7.600000000000001,4.199999999999999,1.6,0.7999999999999999,-2.1999999999999997,0.7484786465000003
3754121,2016-02-27,263,23,28,DRAW,1.4,1.4,0.8,1.4,0.8,1.4,10.4,13.4,1.0820234583999997,1.2186770996600003,428.6,515.8,164.2,181.0,301.0,402.2,54.2,40.6,15.0,12.4,38.8,29.0,1.4,1.6,1.4,1.0,1.0,1.0,1.4207895188,1.0007875894,0.0,-0.5999999999999999,-0.5999999999999999,-3.0,-0.13665364126000057,-87.19999999999993,-16.80000000000001,-101.19999999999999,13.600000000000001,2.5999999999999996,9.799999999999997,-0.20000000000000018,0.3999999999999999,0.0,0.4200019293999999
3754321,2016-02-27,264,30,59,HOME_WIN,0.8,1.0,0.6,0.6,2.0,1.8,10.0,10.2,0.60782471176,0.5615767669,499.0,444.2,162.6,140.8,393.8,347.6,34.2,44.0,19.6,15.2,19.6,43.0,1.4,0.4,1.2,0.4,1.2,1.6,1.33659281784,0.38078555160000005,-0.19999999999999996,0.0,0.19999999999999996,-0.1999999999999993,0.046247944859999945,54.80000000000001,21.799999999999983,46.19999999999999,-9.799999999999997,4.400000000000002,-23.4,0.9999999999999999,0.7999999999999999,-0.40000000000000013,0.9558072662399999
3754236,2016-02-27,265,27,31,HOME_WIN,1.0,0.2,0.4,0.8,1.0,2.4,9.2,12.2,0.9214346857999999,1.0873922662,337.2,419.8,173.4,164.8,215.4,299.4,45.2,49.4,12.6,21.0,41.2,22.2,1.6,1.0,1.0,0.6,0.8,1.4,1.5476499406000002,0.9494469197600001,0.8,-0.4,-1.4,-3.0,-0.16595758040000008,-82.60000000000002,8.599999999999994,-83.99999999999997,-4.199999999999996,-8.4,19.000000000000004,0.6000000000000001,0.4,-0.5999999999999999,0.5982030208400001
3754239,2016-02-28,266,39,1,HOME_WIN,1.4,1.6,1.2,0.8,0.8,0.4,11.8,15.2,0.9822780340799999,1.5154757078799999,505.2,578.2,168.8,166.8,387.0,430.4,50.0,35.2,19.4,17.0,32.6,26.8,1.4,1.6,1.2,1.4,0.8,1.4,1.27737326672,1.14233087308,-0.20000000000000018,0.3999999999999999,0.4,-3.3999999999999986,-0.5331976737999999,-73.00000000000006,2.0,-43.39999999999998,14.799999999999997,2.3999999999999986,5.800000000000001,-0.20000000000000018,-0.19999999999999996,-0.5999999999999999,0.13504239364000004
3754324,2016-02-28,267,38,26,HOME_WIN,3.0,1.6,2.6,1.0,0.6,0.8,19.8,13.4,2.0356884319999997,1.13295464654,589.0,515.8,182.6,140.0,449.8,386.6,43.6,54.2,18.8,14.2,29.8,40.4,1.8,1.0,1.8,1.0,0.8,1.2,1.96351002252,0.9592046995999999,1.4,1.6,-0.20000000000000007,6.4,0.9027337854599997,73.20000000000005,42.599999999999994,63.19999999999999,-10.600000000000001,4.600000000000001,-10.599999999999998,0.8,0.8,-0.3999999999999999,1.00430532292
3754050,2016-03-01,268,41,31,DRAW,1.0,0.2,1.0,1.2,1.2,2.2,12.6,13.6,1.0311466862,1.165416858,390.2,415.6,165.8,170.2,263.8,285.4,44.4,49.6,21.4,22.2,31.2,26.2,1.4,0.4,1.2,0.6,1.0,1.8,1.0298206658000002,0.8243571990800002,0.8,-0.19999999999999996,-1.0000000000000002,-1.0,-0.1342701717999999,-25.400000000000034,-4.399999999999977,-21.599999999999966,-5.200000000000003,-0.8000000000000007,5.0,0.9999999999999999,0.6,-0.8,0.20546346672000004
3754231,2016-03-01,269,22,27,DRAW,2.4,1.6,2.0,1.0,0.6,0.8,12.0,9.4,1.5645467822,1.0594347687999999,379.0,332.4,175.6,170.4,267.0,220.2,53.8,47.0,23.4,11.8,32.2,46.4,2.2,0.8,1.2,0.6,0.0,1.4,1.7584879238,0.6936006615999999,0.7999999999999998,1.0,-0.20000000000000007,2.5999999999999996,0.5051120134000002,46.60000000000002,5.199999999999989,46.80000000000001,6.799999999999997,11.599999999999998,-14.199999999999996,1.4000000000000001,0.6,-1.4,1.0648872622
3754280,2016-03-01,270,56,33,AWAY_WIN,0.2,2.2,1.2,1.8,2.6,0.6,10.6,14.6,1.07903337144,1.5265384278,433.4,585.4,174.8,160.6,287.0,456.4,53.2,39.0,14.2,15.6,29.4,31.2,1.4,2.2,1.8,1.2,2.0,0.2,1.0722363404,1.25695342434,-2.0,-0.6000000000000001,2.0,-4.0,-0.44750505636000004,-152.0,14.200000000000017,-169.39999999999998,14.200000000000003,-1.4000000000000004,-1.8000000000000007,-0.8000000000000003,0.6000000000000001,1.8,-0.18471708394000008
3754327,2016-03-01,271,59,29,AWAY_WIN,0.8,1.4,0.6,2.0,2.0,1.2,8.4,18.8,0.38845391119999995,2.0932237311999997,428.0,555.2,156.8,165.0,346.4,446.8,43.0,36.0,15.4,17.8,40.0,28.6,1.6,1.8,1.0,1.6,1.6,0.8,0.8540383857,1.6060526824,-0.5999999999999999,-1.4,0.8,-10.4,-1.7047698199999997,-127.20000000000005,-8.199999999999989,-100.40000000000003,7.0,-2.4000000000000004,11.399999999999999,-0.19999999999999996,-0.6000000000000001,0.8,-0.7520142967000001
3754334,2016-03-01,272,28,25,HOME_WIN,1.0,2.0,0.8,0.8,1.4,0.4,12.8,10.4,0.9976854958600001,0.9196428170400001,520.4,384.0,182.8,157.0,403.6,281.2,43.2,44.4,13.6,19.0,30.0,37.0,0.8,1.4,1.0,0.6,1.6,0.6,1.0826002401,0.96003427244,-1.0,0.0,0.9999999999999999,2.4000000000000004,0.07804267882000004,136.39999999999998,25.80000000000001,122.40000000000003,-1.1999999999999957,-5.4,-7.0,-0.5999999999999999,0.4,1.0,0.12256596766000016
3753976,2016-03-02,273,1,26,AWAY_WIN,1.4,1.0,1.2,1.0,1.0,1.2,16.2,13.6,1.7038419056800003,1.3099745379399999,581.6,473.6,163.6,125.0,451.8,348.0,34.2,51.4,17.0,16.6,28.2,40.0,2.0,1.0,1.0,1.0,0.4,1.2,1.98796841196,0.9873910859999999,0.3999999999999999,0.19999999999999996,-0.19999999999999996,2.5999999999999996,0.3938673677400004,108.0,38.599999999999994,103.80000000000001,-17.199999999999996,0.3999999999999986,-11.8,1.0,0.0,-0.7999999999999999,1.0005773259600002
3754005,2016-03-02,274,30,37,HOME_WIN,1.2,1.2,1.0,1.0,2.2,2.2,9.4,14.4,0.9411348493,1.21151317554,516.2,483.8,167.8,162.6,412.6,371.4,34.8,45.0,19.8,21.0,20.2,25.4,2.0,0.0,1.4,0.4,1.0,2.4,1.3534234881800002,0.8455234969000001,0.0,0.0,0.0,-5.0,-0.2703783262399999,32.400000000000034,5.200000000000017,41.200000000000045,-10.200000000000003,-1.1999999999999993,-5.199999999999999,2.0,0.9999999999999999,-1.4,0.5078999912800002
3754349,2016-03-02,275,40,38,HOME_WIN,1.6,3.0,1.4,2.2,1.0,0.6,15.2,21.4,1.3990388472000004,2.13377356708,523.2,559.0,127.4,187.0,402.6,423.8,42.8,44.0,18.0,19.2,28.6,32.6,2.6,2.6,1.8,2.2,0.6,0.8,1.6032678525400006,1.31939346524,-1.4,-0.8000000000000003,0.4,-6.199999999999999,-0.7347347198799996,-35.799999999999955,-59.599999999999994,-21.19999999999999,-1.2000000000000028,-1.1999999999999993,-4.0,0.0,-0.40000000000000013,-0.20000000000000007,0.2838743873000007
3753991,2016-03-02,276,24,36,HOME_WIN,1.4,1.4,2.6,1.8,1.8,1.4,15.6,15.6,1.59319420512,1.471107585,606.0,527.8,155.4,163.4,480.6,418.0,47.2,38.0,14.4,23.8,33.2,36.2,1.2,1.6,1.6,1.2,1.6,1.0,1.7064089609999997,1.2582509254399998,0.0,0.8,0.40000000000000013,0.0,0.12208662012000016,78.20000000000005,-8.0,62.60000000000002,9.200000000000003,-9.4,-3.0,-0.40000000000000013,0.40000000000000013,0.6000000000000001,0.4481580355599999
3754232,2016-03-02,277,39,23,HOME_WIN,1.4,1.6,1.6,0.8,1.2,0.6,11.8,10.8,0.96953760502,1.1462680543999997,484.8,417.4,166.4,165.8,373.4,291.8,48.4,53.0,19.8,16.2,32.8,35.4,2.0,0.8,1.6,0.8,0.8,1.4,1.1780099931199999,0.8199371033999998,-0.20000000000000018,0.8,0.6,1.0,-0.1767304493799997,67.40000000000003,0.5999999999999943,81.59999999999997,-4.600000000000001,3.6000000000000014,-2.6000000000000014,1.2,0.8,-0.5999999999999999,0.35807288972000006
3754318,2016-03-05,278,38,1,DRAW,2.4,1.4,1.6,1.4,0.6,1.2,18.4,17.6,2.0676344515199996,1.7396148454799998,550.2,614.0,196.0,173.2,420.8,480.8,50.6,35.8,20.2,16.8,30.2,28.4,2.4,1.0,2.0,1.4,0.6,2.0,2.385135378,1.0483946894799998,1.0,0.20000000000000018,-0.6,0.7999999999999972,0.3280196060399998,-63.799999999999955,22.80000000000001,-60.0,14.800000000000004,3.3999999999999986,1.8000000000000007,1.4,0.6000000000000001,-1.4,1.3367406885200004
3754061,2016-03-05,279,33,30,DRAW,2.2,1.8,2.0,1.2,0.8,1.6,14.2,10.6,1.4878859222,0.9666600726000001,575.0,517.8,146.6,166.0,443.6,429.4,42.2,35.4,17.0,17.6,33.8,21.8,1.4,1.2,2.6,1.6,1.8,2.4,1.9821620768,0.74909910292,0.40000000000000013,0.8,-0.8,3.5999999999999996,0.5212258496,57.200000000000045,-19.400000000000006,14.200000000000045,6.800000000000004,-0.6000000000000014,11.999999999999996,0.19999999999999996,1.0,-0.5999999999999999,1.2330629738799999
3754151,2016-03-05,280,26,56,HOME_WIN,1.0,0.2,1.0,0.6,1.2,2.0,14.4,11.8,1.29333762794,1.04957380368,463.6,446.0,135.8,167.0,345.2,297.4,49.6,46.2,15.0,14.0,40.6,26.0,1.4,0.0,1.0,0.2,1.2,2.4,1.03653986346,0.6818885209400001,0.8,0.4,-0.8,2.5999999999999996,0.24376382425999998,17.600000000000023,-31.19999999999999,47.80000000000001,3.3999999999999986,1.0,14.600000000000001,1.4,0.8,-1.2,0.35465134251999997
3754164,2016-03-05,281,25,41,DRAW,1.4,1.0,0.6,1.2,0.8,1.4,10.2,14.4,0.9114787839,1.1442831573999999,396.2,401.2,162.0,165.0,283.8,274.2,40.2,42.6,17.8,17.2,36.4,27.4,2.4,0.8,2.2,1.6,0.4,2.6,1.3744600972,1.124214971,0.3999999999999999,-0.6,-0.5999999999999999,-4.200000000000001,-0.23280437349999983,-5.0,-3.0,9.600000000000023,-2.3999999999999986,0.6000000000000014,9.0,1.5999999999999999,0.6000000000000001,-2.2,0.25024512620000006
3754177,2016-03-05,282,37,28,AWAY_WIN,0.6,1.4,0.6,1.0,2.2,1.2,10.8,11.8,0.8160436037400001,0.90301278376,468.8,481.2,155.4,175.4,354.8,369.8,41.0,44.0,19.2,11.8,25.6,30.6,1.6,1.2,1.4,0.6,1.2,0.8,1.66556353448,0.8748867518000001,-0.7999999999999999,-0.4,1.0000000000000002,-1.0,-0.08696918001999998,-12.399999999999977,-20.0,-15.0,-3.0,7.399999999999999,-5.0,0.40000000000000013,0.7999999999999999,0.3999999999999999,0.7906767826799999
3754249,2016-03-05,283,36,59,HOME_WIN,0.8,0.6,1.0,0.8,2.0,2.6,13.0,8.0,1.1383871058,0.3876388474,526.0,431.2,153.6,163.2,423.0,351.4,36.2,39.8,23.6,15.8,33.6,33.2,1.4,0.2,2.0,0.4,1.2,1.8,1.8083486232,0.34126130600000004,0.20000000000000007,0.19999999999999996,-0.6000000000000001,5.0,0.7507482583999999,94.80000000000001,-9.599999999999994,71.60000000000002,-3.5999999999999943,7.800000000000001,0.3999999999999986,1.2,1.6,-0.6000000000000001,1.4670873171999999
3754277,2016-03-05,284,29,40,AWAY_WIN,1.8,2.0,2.0,1.2,0.8,0.6,19.0,16.0,2.1981697514,1.3773724331800004,571.8,503.0,163.8,147.4,452.0,379.8,37.2,44.2,20.0,22.0,27.4,27.8,0.8,1.0,1.6,1.4,1.6,1.4,1.8875887087999998,1.1146525552,-0.19999999999999996,0.8,0.20000000000000007,3.0,0.8207973182199997,68.79999999999995,16.400000000000006,72.19999999999999,-7.0,-2.0,-0.40000000000000213,-0.19999999999999996,0.20000000000000018,0.20000000000000018,0.7729361535999999
3754289,2016-03-05,285,23,22,AWAY_WIN,1.0,2.0,0.4,1.8,0.6,1.0,11.0,13.8,1.0933864379,1.6262139938,386.6,407.0,154.0,168.4,272.8,283.8,49.8,54.4,16.2,23.8,32.2,31.6,1.0,1.4,0.8,1.2,1.0,1.0,1.2237738688,1.3703484644,-1.0,-1.4,-0.4,-2.8000000000000007,-0.5328275559,-20.399999999999977,-14.400000000000006,-11.0,-4.600000000000001,-7.600000000000001,0.6000000000000014,-0.3999999999999999,-0.3999999999999999,0.0,-0.14657459559999997
3754220,2016-03-06,286,31,24,AWAY_WIN,0.4,2.0,1.4,3.2,2.0,1.6,14.2,13.8,1.20483841584,1.53396480376,414.8,603.2,160.0,191.4,286.6,466.8,49.4,45.2,23.2,18.0,23.4,32.4,0.2,1.8,0.6,2.4,2.0,1.6,1.0347895946,1.6664309239600001,-1.6,-1.8000000000000003,0.3999999999999999,0.3999999999999986,-0.32912638791999993,-188.40000000000003,-31.400000000000006,-180.2,4.199999999999996,5.199999999999999,-9.0,-1.6,-1.7999999999999998,0.3999999999999999,-0.6316413293600001
3754081,2016-03-06,287,27,39,HOME_WIN,1.6,2.0,1.4,1.8,1.2,1.0,10.6,12.8,1.1952253443999998,1.0761809558,329.6,489.6,179.6,162.8,223.4,387.8,46.0,47.4,13.0,19.4,45.0,33.6,2.2,1.0,1.4,1.2,0.8,1.6,1.7094372638000004,1.08037641214,-0.3999999999999999,-0.40000000000000013,0.19999999999999996,-2.200000000000001,0.11904438859999988,-160.0,16.799999999999983,-164.4,-1.3999999999999986,-6.399999999999999,11.399999999999999,1.2000000000000002,0.19999999999999996,-0.8,0.6290608516600005
3754313,2016-03-12,288,56,36,DRAW,0.2,1.2,0.6,1.4,1.6,1.6,11.2,14.2,0.9539909208799999,1.4264028009999996,438.8,599.6,155.2,157.6,294.4,477.8,43.8,36.0,17.0,22.4,28.0,26.4,0.8,1.6,1.6,1.0,2.4,1.2,1.1724331296400001,1.0499584598399998,-1.0,-0.7999999999999999,0.0,-3.0,-0.4724118801199997,-160.8,-2.4000000000000057,-183.40000000000003,7.799999999999997,-5.399999999999999,1.6000000000000014,-0.8,0.6000000000000001,1.2,0.12247466980000032
3753988,2016-03-12,289,28,26,HOME_WIN,1.4,1.4,1.2,1.0,1.2,1.0,13.4,12.8,0.97838979796,1.0898530811399998,497.6,460.0,191.8,124.6,391.2,329.2,42.4,49.2,10.4,14.8,27.4,36.6,1.2,1.4,1.4,1.4,1.6,1.4,1.0584820776800004,1.184965208,0.0,0.19999999999999996,0.19999999999999996,0.5999999999999996,-0.11146328317999976,37.60000000000002,67.20000000000002,62.0,-6.800000000000004,-4.4,-9.200000000000003,-0.19999999999999996,0.0,0.20000000000000018,-0.12648313031999958
3754196,2016-03-12,290,30,25,AWAY_WIN,2.0,1.4,1.4,0.8,1.2,1.0,12.0,10.6,1.1463861041999999,1.02980458736,512.6,437.8,165.4,141.0,419.4,308.8,36.0,37.0,18.4,15.2,22.0,42.0,2.0,1.4,1.2,0.4,1.0,0.6,1.1942914846800001,0.8476800635,0.6000000000000001,0.5999999999999999,0.19999999999999996,1.4000000000000004,0.11658151683999995,74.80000000000001,24.400000000000006,110.59999999999997,-1.0,3.1999999999999993,-20.0,0.6000000000000001,0.7999999999999999,0.4,0.3466114211800001
3754053,2016-03-13,291,59,38,AWAY_WIN,0.6,2.0,0.8,1.4,3.0,1.0,7.6,20.0,0.44628656199999994,1.81381983632,433.6,553.2,185.6,196.8,357.0,431.6,38.4,50.8,17.2,19.6,33.6,27.6,1.4,2.0,1.0,1.8,2.0,0.8,0.6684230794999999,1.4393812800399999,-1.4,-0.5999999999999999,2.0,-12.4,-1.36753327432,-119.60000000000002,-11.200000000000017,-74.60000000000002,-12.399999999999999,-2.400000000000002,6.0,-0.6000000000000001,-0.8,1.2,-0.77095820054
3754002,2016-03-14,292,22,37,HOME_WIN,2.0,0.6,1.6,0.6,1.0,2.4,14.0,11.4,1.692048861,0.8584943875400001,424.4,471.4,153.4,166.2,297.8,370.6,53.6,40.0,21.8,16.2,30.2,28.2,2.2,0.0,1.6,0.4,0.4,2.4,2.0174494398,0.8179567792,1.4,1.0,-1.4,2.5999999999999996,0.8335544734599999,-47.0,-12.799999999999983,-72.80000000000001,13.600000000000001,5.600000000000001,2.0,2.2,1.2000000000000002,-2.0,1.1994926606
3753980,2016-03-19,293,29,1,AWAY_WIN,1.8,1.4,2.2,1.8,1.0,1.6,18.2,15.2,2.2301852541,1.3993741691600001,517.6,581.6,147.6,172.6,412.4,458.4,39.4,36.2,15.6,16.8,30.6,33.4,0.8,1.2,1.4,1.8,1.4,1.6,1.7790728991000002,1.03655368936,0.40000000000000013,0.40000000000000013,-0.6000000000000001,3.0,0.8308110849399997,-64.0,-25.0,-46.0,3.1999999999999957,-1.200000000000001,-2.799999999999997,-0.3999999999999999,-0.40000000000000013,-0.20000000000000018,0.7425192097400002
3753973,2016-03-19,294,33,40,DRAW,2.2,2.0,2.2,1.4,1.0,1.0,15.6,14.2,1.5751704975999998,1.1809645855,554.8,470.6,147.4,141.0,405.2,345.6,37.8,43.8,15.6,24.0,32.0,25.8,1.4,1.4,2.4,1.8,1.6,1.6,1.81403981,1.3137246322,0.20000000000000018,0.8000000000000003,0.0,1.4000000000000004,0.3942059120999999,84.19999999999993,6.400000000000006,59.599999999999966,-6.0,-8.4,6.199999999999999,0.0,0.5999999999999999,0.0,0.5003151777999999
3753977,2016-03-19,295,23,30,AWAY_WIN,0.8,2.0,0.4,1.6,0.8,1.0,10.6,12.4,1.1048088965,1.19983322436,376.0,495.2,137.2,155.6,274.6,387.8,49.8,39.4,16.0,19.0,36.2,25.0,1.0,0.8,0.6,1.0,0.8,2.0,1.19449554,0.75934337532,-1.2,-1.2000000000000002,-0.19999999999999996,-1.8000000000000007,-0.09502432786000004,-119.19999999999999,-18.400000000000006,-113.19999999999999,10.399999999999999,-3.0,11.200000000000003,0.19999999999999996,-0.4,-1.2,0.43515216467999995
3754052,2016-03-19,296,27,56,AWAY_WIN,2.0,0.4,1.4,0.6,1.0,1.2,8.8,9.6,0.9014065378,0.76827362268,333.6,420.2,184.6,164.6,230.2,285.8,44.8,45.2,14.0,19.6,50.2,34.4,2.2,0.0,1.4,0.2,0.8,2.0,1.4149783612000002,0.64759158294,1.6,0.7999999999999999,-0.19999999999999996,-0.7999999999999989,0.13313291512000003,-86.59999999999997,20.0,-55.60000000000002,-0.4000000000000057,-5.600000000000001,15.800000000000004,2.2,1.2,-1.2,0.7673867782600002
3754181,2016-03-19,297,31,22,AWAY_WIN,0.4,2.0,1.4,1.2,2.0,0.8,14.4,13.6,1.1313217530400004,1.5501636576000002,401.6,461.4,170.6,157.8,275.2,320.8,47.8,53.2,23.0,19.6,24.6,31.0,0.0,2.0,0.8,1.4,2.4,0.8,1.1402966562,1.5175261446000001,-1.6,0.19999999999999996,1.2,0.8000000000000007,-0.4188419045599998,-59.799999999999955,12.799999999999983,-45.60000000000002,-5.400000000000006,3.3999999999999986,-6.399999999999999,-2.0,-0.5999999999999999,1.5999999999999999,-0.37722948840000003
3754224,2016-03-19,298,26,59,HOME_WIN,1.2,0.0,1.2,0.4,1.4,3.4,11.6,8.0,1.03016304786,0.5347043195,460.4,425.2,124.4,188.4,332.8,354.6,47.8,35.0,16.0,19.2,33.2,28.0,1.4,0.2,1.0,0.4,1.2,2.2,0.93681900914,0.3683558402,1.2,0.7999999999999999,-2.0,3.5999999999999996,0.49545872835999993,35.19999999999999,-64.0,-21.80000000000001,12.799999999999997,-3.1999999999999993,5.200000000000003,1.2,0.6,-1.0000000000000002,0.56846316894
3754064,2016-03-20,299,25,24,HOME_WIN,1.4,2.0,1.0,2.6,1.2,1.0,11.2,14.6,0.9823748245600001,1.5692694384599999,453.0,628.6,149.0,184.8,308.6,491.4,40.6,44.6,13.8,17.8,41.0,29.6,2.0,1.8,1.6,2.6,0.6,1.8,1.3087451384,1.66804336192,-0.6000000000000001,-1.6,0.19999999999999996,-3.4000000000000004,-0.5868946138999998,-175.60000000000002,-35.80000000000001,-182.79999999999995,-4.0,-4.0,11.399999999999999,0.19999999999999996,-1.0,-1.2000000000000002,-0.35929822351999996
3754100,2016-03-20,300,37,41,DRAW,0.6,1.2,0.6,1.4,2.0,1.4,12.6,14.2,0.9087246033399999,1.0646682982,488.4,362.0,157.8,156.8,372.4,257.8,43.6,42.6,16.6,17.0,30.2,33.6,1.4,1.0,1.4,1.6,1.6,2.0,1.66606737008,1.0329155752,-0.6,-0.7999999999999999,0.6000000000000001,-1.5999999999999996,-0.15594369486000004,126.39999999999998,1.0,114.59999999999997,1.0,-0.3999999999999986,-3.400000000000002,0.3999999999999999,-0.20000000000000018,-0.3999999999999999,0.6331517948799998
3754043,2016-03-20,301,38,28,HOME_WIN,2.0,2.0,1.6,1.8,1.0,1.2,18.4,12.4,1.79743218736,1.03783675848,553.8,469.4,197.4,182.0,422.0,369.6,52.0,44.2,17.2,12.2,29.8,28.4,2.0,1.8,1.8,1.2,1.0,0.6,2.1739694877999995,1.0312352446,0.0,-0.19999999999999996,-0.19999999999999996,5.999999999999998,0.7595954288800002,84.39999999999998,15.400000000000006,52.39999999999998,7.799999999999997,5.0,1.4000000000000021,0.19999999999999996,0.6000000000000001,0.4,1.1427342431999996
3754124,2016-03-20,302,36,39,AWAY_WIN,0.8,1.4,1.2,1.2,1.6,1.2,15.8,11.2,1.4650312629999998,0.6599143808,639.0,499.0,154.8,159.8,515.8,400.0,38.0,49.4,22.0,21.2,26.4,31.6,1.4,1.0,2.0,1.2,1.0,1.4,1.9155855648,0.90073488116,-0.5999999999999999,0.0,0.40000000000000013,4.600000000000001,0.8051168821999998,140.0,-5.0,115.79999999999995,-11.399999999999999,0.8000000000000007,-5.200000000000003,0.3999999999999999,0.8,-0.3999999999999999,1.01485068364
3754075,2016-04-02,303,59,33,AWAY_WIN,0.0,2.2,0.4,2.4,2.4,1.2,9.2,16.6,0.7037446701000001,1.6843766556,427.6,583.0,205.6,151.4,336.4,414.0,37.8,37.8,18.0,13.0,26.4,27.6,0.8,2.6,0.8,1.6,2.4,0.4,0.7657035853999999,1.2797632721999999,-2.2,-2.0,1.2,-7.400000000000002,-0.9806319854999999,-155.39999999999998,54.19999999999999,-77.60000000000002,0.0,5.0,-1.2000000000000028,-1.8,-0.8,2.0,-0.5140596867999999
3754118,2016-04-02,304,1,23,HOME_WIN,1.4,0.8,1.8,0.6,1.6,1.0,15.4,11.8,1.6141410304800001,1.2303233748999998,573.8,408.0,157.2,131.0,457.4,292.0,37.4,51.4,17.0,16.8,34.2,33.2,1.4,0.6,0.8,0.4,0.8,1.2,1.90315451566,0.8698364007,0.5999999999999999,1.2000000000000002,0.6000000000000001,3.5999999999999996,0.38381765558000036,165.79999999999995,26.19999999999999,165.39999999999998,-14.0,0.1999999999999993,1.0,0.7999999999999999,0.4,-0.3999999999999999,1.0333181149600001
3754144,2016-04-02,305,28,36,AWAY_WIN,2.0,0.8,1.6,1.0,1.2,1.2,10.6,16.8,0.8423021550199999,1.6392756456000002,432.2,619.2,205.4,166.8,340.2,499.8,45.8,39.4,14.2,21.4,29.0,24.8,1.8,1.6,1.8,1.0,1.4,1.2,1.16615439148,0.8660106039400001,1.2,0.6000000000000001,0.0,-6.200000000000001,-0.7969734905800002,-187.00000000000006,38.599999999999994,-159.60000000000002,6.399999999999999,-7.199999999999999,4.199999999999999,0.19999999999999996,0.8,0.19999999999999996,0.30014378754000004
3754175,2016-04-02,306,41,27,DRAW,1.2,2.0,1.2,1.4,1.2,1.0,15.6,9.4,1.0773741733,0.8950887431999999,366.4,359.4,157.2,181.8,270.0,248.4,47.8,46.4,15.0,16.6,28.8,54.0,1.6,1.0,1.6,1.0,1.2,1.6,1.133775081,0.799279984,-0.8,-0.19999999999999996,0.19999999999999996,6.199999999999999,0.1822854301000001,7.0,-24.600000000000023,21.599999999999994,1.3999999999999986,-1.6000000000000014,-25.2,0.6000000000000001,0.6000000000000001,-0.40000000000000013,0.334495097
3754176,2016-04-02,307,40,31,DRAW,2.2,0.2,1.8,1.2,1.2,2.0,13.0,14.6,1.1828433130999998,1.0751101881,431.8,422.8,144.2,154.4,314.0,290.0,44.6,45.0,26.2,18.0,31.0,30.4,2.6,0.4,1.6,1.0,0.4,2.2,1.4830234475000004,0.9354528101199999,2.0,0.6000000000000001,-0.8,-1.5999999999999996,0.10773312499999976,9.0,-10.200000000000017,24.0,-0.3999999999999986,8.2,0.6000000000000014,2.2,0.6000000000000001,-1.8000000000000003,0.5475706373800004
3754243,2016-04-02,308,56,37,HOME_WIN,0.8,0.2,0.4,0.6,0.8,2.2,8.4,12.0,0.66655198408,0.9010378916,420.0,474.6,167.6,165.4,288.4,365.2,48.4,44.6,21.6,17.0,36.4,31.4,0.4,0.0,1.4,0.4,2.4,2.4,0.9821284870400001,0.6854185074000001,0.6000000000000001,-0.19999999999999996,-1.4000000000000001,-3.5999999999999996,-0.23448590751999998,-54.60000000000002,2.1999999999999886,-76.80000000000001,3.799999999999997,4.600000000000001,5.0,0.4,0.9999999999999999,0.0,0.29670997964
3754272,2016-04-02,309,30,26,DRAW,2.0,1.8,1.4,1.4,1.0,1.2,12.0,11.0,1.35103612964,1.02957533266,521.6,456.8,170.8,142.8,401.2,349.0,45.4,48.2,21.6,19.4,29.0,40.2,1.4,1.4,0.8,1.6,1.2,1.6,1.0821529552800002,1.3662960504600001,0.19999999999999996,0.0,-0.19999999999999996,1.0,0.3214607969800001,64.80000000000001,28.0,52.19999999999999,-2.8000000000000043,2.200000000000003,-11.200000000000003,0.0,-0.8,-0.40000000000000013,-0.2841430951799999
3754087,2016-04-02,310,24,38,DRAW,2.0,2.0,3.0,1.8,1.2,0.8,15.4,20.8,1.7799626540600002,1.85292631696,607.6,563.0,204.8,183.6,488.4,432.4,42.6,47.8,17.0,14.0,27.4,29.8,1.6,2.4,1.8,2.0,1.2,0.6,1.4660837628399999,1.70020827524,0.0,1.2,0.3999999999999999,-5.4,-0.07296366289999989,44.60000000000002,21.200000000000017,56.0,-5.199999999999996,3.0,-2.400000000000002,-0.7999999999999998,-0.19999999999999996,0.6,-0.2341245124000002
3753982,2016-04-03,311,22,25,HOME_WIN,2.6,1.4,1.2,1.4,0.4,1.6,13.8,11.4,1.5942353482000002,1.13771414746,472.6,462.6,144.2,162.0,324.2,324.8,49.6,41.0,18.0,14.6,39.0,35.6,2.6,2.0,1.8,0.8,0.4,0.6,1.6390662676,0.7651984941,1.2000000000000002,-0.19999999999999996,-1.2000000000000002,2.4000000000000004,0.45652120074000013,10.0,-17.80000000000001,-0.6000000000000227,8.600000000000001,3.4000000000000004,3.3999999999999986,0.6000000000000001,1.0,-0.19999999999999996,0.8738677735000001
3754299,2016-04-03,312,39,29,HOME_WIN,1.8,1.2,1.2,1.6,1.0,1.4,9.0,15.8,0.6032806885,1.7005379136999998,488.2,526.6,174.2,161.6,385.4,413.8,52.2,40.6,22.6,16.8,29.8,27.2,2.4,2.2,1.8,2.0,0.8,0.8,1.06350121582,1.6061047985999999,0.6000000000000001,-0.40000000000000013,-0.3999999999999999,-6.800000000000001,-1.0972572252,-38.400000000000034,12.599999999999994,-28.400000000000034,11.600000000000001,5.800000000000001,2.6000000000000014,0.19999999999999973,-0.19999999999999996,0.0,-0.54260358278
3754241,2016-04-09,313,40,1,DRAW,2.2,1.4,1.8,2.2,1.2,1.4,14.2,14.2,1.1378699052999999,1.58026684428,450.0,585.8,135.8,141.4,336.4,458.4,43.2,36.4,22.8,19.2,31.2,33.0,2.2,1.6,1.6,1.6,0.8,1.0,1.3398722899000002,1.04917247596,0.8000000000000003,-0.40000000000000013,-0.19999999999999996,0.0,-0.4423969389800002,-135.79999999999995,-5.599999999999994,-122.0,6.800000000000004,3.6000000000000014,-1.8000000000000007,0.6000000000000001,0.0,-0.19999999999999996,0.2906998139400001
3754016,2016-04-09,314,25,37,HOME_WIN,1.4,0.2,1.2,0.8,1.4,1.8,11.8,12.6,1.02791229906,1.1848881727199998,487.4,482.2,176.2,158.4,346.8,355.4,44.8,48.4,14.4,15.6,33.4,35.8,2.0,0.0,1.8,0.6,1.0,2.6,1.3384776752,0.92451604012,1.2,0.3999999999999999,-0.40000000000000013,-0.7999999999999989,-0.15697587365999977,5.199999999999989,17.799999999999983,-8.599999999999966,-3.6000000000000014,-1.1999999999999993,-2.3999999999999986,2.0,1.2000000000000002,-1.6,0.41396163508000006
3754022,2016-04-09,315,31,56,HOME_WIN,0.4,1.4,1.4,1.0,2.0,1.0,14.0,9.2,1.1531188669,0.8444651192399999,386.4,419.0,165.0,151.0,255.8,282.0,44.4,47.2,16.0,20.4,29.8,37.6,0.0,0.6,0.8,0.2,2.0,1.4,1.07867618866,0.72159732274,-0.9999999999999999,0.3999999999999999,1.0,4.800000000000001,0.3086537476600002,-32.60000000000002,14.0,-26.19999999999999,-2.8000000000000043,-4.399999999999999,-7.800000000000001,-0.6,0.6000000000000001,0.6000000000000001,0.35707886592000004
3754030,2016-04-09,316,23,29,DRAW,0.2,0.6,0.2,1.0,1.6,1.6,11.0,14.4,0.9759811373,1.2828694699,408.4,548.0,123.6,156.2,288.2,441.0,43.6,43.6,16.8,16.0,29.4,25.6,1.0,1.6,0.6,1.8,0.8,1.0,1.1226575215999999,1.3598415484,-0.39999999999999997,-0.8,0.0,-3.4000000000000004,-0.30688833260000004,-139.60000000000002,-32.599999999999994,-152.8,0.0,0.8000000000000007,3.799999999999997,-0.6000000000000001,-1.2000000000000002,-0.19999999999999996,-0.23718402680000006
3754116,2016-04-09,317,26,33,HOME_WIN,2.0,2.2,1.6,2.2,1.2,1.0,11.2,16.0,0.8535103846600001,1.6650858714,493.8,594.4,150.4,129.0,392.6,415.4,46.6,40.4,20.0,13.4,33.4,25.4,2.0,2.6,0.8,1.8,0.4,0.4,0.7962339287400001,1.3333601458,-0.20000000000000018,-0.6000000000000001,0.19999999999999996,-4.800000000000001,-0.81157548674,-100.59999999999997,21.400000000000006,-22.799999999999955,6.200000000000003,6.6,8.0,-0.6000000000000001,-1.0,0.0,-0.5371262170599999
3754262,2016-04-09,318,59,28,AWAY_WIN,0.0,1.8,0.2,1.6,2.8,2.0,11.2,10.4,0.8609959777,0.8399568432200001,429.0,448.6,204.2,203.0,331.0,360.8,37.4,39.8,19.4,16.4,22.2,26.8,0.6,1.6,0.6,1.2,3.0,1.2,0.7498320372999999,0.8948248632,-1.8,-1.4000000000000001,0.7999999999999998,0.7999999999999989,0.021039134479999944,-19.600000000000023,1.1999999999999886,-29.80000000000001,-2.3999999999999986,3.0,-4.600000000000001,-1.0,-0.6,1.8,-0.14499282590000007
3754035,2016-04-09,319,36,27,HOME_WIN,1.4,1.6,1.6,1.2,0.8,1.0,16.2,9.0,1.3960536418999998,0.7275396375,630.6,384.0,153.6,178.0,515.4,267.2,40.2,47.8,23.0,18.0,23.0,41.6,1.2,1.0,2.0,0.6,1.2,1.2,2.0356556512,0.6487054803,-0.20000000000000018,0.40000000000000013,-0.19999999999999996,7.199999999999999,0.6685140043999999,246.60000000000002,-24.400000000000006,248.2,-7.599999999999994,5.0,-18.6,0.19999999999999996,1.4,0.0,1.3869501709
3754152,2016-04-10,320,41,22,AWAY_WIN,0.8,2.6,0.8,1.2,1.0,0.4,16.4,13.2,1.1564148133,1.4420568940000003,399.4,451.8,153.8,155.4,291.4,316.4,50.2,52.4,15.8,15.0,30.6,47.0,1.2,2.0,1.0,1.4,1.0,0.8,1.3486473596,1.5660639684000002,-1.8,-0.3999999999999999,0.6,3.1999999999999993,-0.2856420807000002,-52.400000000000034,-1.5999999999999943,-25.0,-2.1999999999999957,0.8000000000000007,-16.4,-0.8,-0.3999999999999999,0.19999999999999996,-0.21741660880000024
3753986,2016-04-10,321,24,30,HOME_WIN,2.0,1.6,2.8,1.4,1.0,1.2,14.8,12.2,1.6689148082599998,1.0075736575,542.6,511.8,227.6,174.8,428.2,379.6,47.2,44.0,17.4,23.4,28.8,26.6,1.2,1.4,1.8,1.2,1.4,1.8,1.3638386628399999,0.87670788612,0.3999999999999999,1.4,-0.19999999999999996,2.6000000000000014,0.6613411507599998,30.80000000000001,52.79999999999998,48.599999999999966,3.200000000000003,-6.0,2.1999999999999993,-0.19999999999999996,0.6000000000000001,-0.40000000000000013,0.48713077671999994
3754209,2016-04-10,322,38,39,HOME_WIN,1.6,2.4,1.6,1.2,0.8,0.6,17.6,8.4,1.54718266768,0.5859189351,572.2,486.6,186.2,185.0,435.8,386.6,46.6,52.6,15.0,24.0,28.4,33.8,2.6,1.4,2.4,0.8,0.8,0.8,2.1884064737199997,0.63406544816,-0.7999999999999998,0.40000000000000013,0.20000000000000007,9.200000000000001,0.96126373258,85.60000000000002,1.1999999999999886,49.19999999999999,-6.0,-9.0,-5.399999999999999,1.2000000000000002,1.5999999999999999,0.0,1.5543410255599999
3754048,2016-04-13,323,31,29,DRAW,1.0,0.8,1.2,1.2,1.4,1.6,13.6,10.4,1.14404706762,1.20518372004,370.8,506.4,159.2,166.4,242.6,409.4,45.4,46.2,18.2,14.8,30.2,24.4,0.6,1.6,0.8,2.0,1.4,1.2,1.1508311931800002,1.57233739374,0.19999999999999996,0.0,-0.20000000000000018,3.1999999999999993,-0.06113665241999988,-135.59999999999997,-7.200000000000017,-166.79999999999998,-0.8000000000000043,3.3999999999999986,5.800000000000001,-1.0,-1.2,0.19999999999999996,-0.4215062005599999
3754172,2016-04-16,324,56,41,AWAY_WIN,1.4,0.8,0.8,0.8,0.8,1.2,9.4,16.8,0.83425710368,1.0870062156,384.0,394.0,157.8,167.8,250.2,298.8,52.8,51.0,19.8,18.6,44.8,34.2,1.0,0.6,1.2,1.0,1.8,1.8,1.0417696406399999,0.7173648801000001,0.5999999999999999,0.0,-0.3999999999999999,-7.4,-0.25274911192000005,-10.0,-10.0,-48.60000000000002,1.7999999999999972,1.1999999999999993,10.599999999999994,0.4,0.19999999999999996,0.0,0.3244047605399998
3754024,2016-04-16,325,37,26,HOME_WIN,0.2,2.0,1.0,1.4,2.2,1.0,12.6,11.4,1.15780334552,0.98384564106,492.8,503.0,164.8,156.6,371.6,382.8,50.2,47.2,20.0,22.4,33.2,33.4,1.6,1.0,1.6,1.6,1.6,1.8,1.7193995446800003,1.21378272266,-1.8,-0.3999999999999999,1.2000000000000002,1.1999999999999993,0.17395770446000003,-10.199999999999989,8.200000000000017,-11.199999999999989,3.0,-2.3999999999999986,-0.19999999999999574,0.6000000000000001,0.0,-0.19999999999999996,0.5056168220200004
3754137,2016-04-16,326,29,25,DRAW,0.4,2.0,0.6,1.8,1.4,1.2,10.2,14.6,0.94941075574,1.30917190186,476.6,489.6,161.2,156.2,386.8,365.6,47.2,43.2,14.4,14.6,25.4,32.2,0.6,1.4,1.2,0.6,1.6,0.8,1.7260700575,0.7542471727,-1.6,-1.2000000000000002,0.19999999999999996,-4.4,-0.3597611461200001,-13.0,5.0,21.19999999999999,4.0,-0.1999999999999993,-6.800000000000004,-0.7999999999999999,0.6,0.8,0.9718228848000001
3754155,2016-04-16,327,27,23,AWAY_WIN,1.0,0.2,0.8,0.4,1.0,1.8,9.4,10.8,0.7365266768999998,0.9045586344000001,378.2,412.8,162.0,137.8,258.4,298.2,44.2,43.8,18.0,15.2,38.8,27.2,1.6,0.6,1.0,0.4,0.8,1.6,1.000268843,0.9353470740999998,0.8,0.4,-0.8,-1.4000000000000004,-0.16803195750000022,-34.60000000000002,24.19999999999999,-39.80000000000001,0.4000000000000057,2.8000000000000007,11.599999999999998,1.0,0.6,-0.8,0.06492176890000012
3754295,2016-04-16,328,39,59,HOME_WIN,1.8,0.0,0.6,0.2,0.8,2.6,8.2,9.8,0.5984662125000001,0.8238850201000002,507.8,413.4,175.6,224.8,392.0,317.2,54.0,40.6,25.2,19.2,31.0,22.2,2.4,0.2,1.6,0.2,0.6,1.8,0.93413152102,0.49961785160000005,1.8,0.39999999999999997,-1.8,-1.6000000000000014,-0.2254188076000001,94.40000000000003,-49.20000000000002,74.80000000000001,13.399999999999999,6.0,8.8,2.1999999999999997,1.4000000000000001,-1.2000000000000002,0.4345136694199999
3754322,2016-04-16,329,33,36,AWAY_WIN,1.6,2.0,1.8,2.0,1.0,0.4,14.4,18.0,1.7144995377999996,1.7719854982999999,591.0,646.0,142.6,132.6,428.6,525.0,41.0,39.0,15.0,20.0,21.4,25.6,1.4,1.6,2.4,1.4,1.6,1.0,2.0099633798,0.8315055756999999,-0.3999999999999999,-0.19999999999999996,0.6,-3.5999999999999996,-0.05748596050000021,-55.0,10.0,-96.39999999999998,2.0,-5.0,-4.200000000000003,-0.20000000000000018,1.0,0.6000000000000001,1.1784578040999998
3754216,2016-04-17,330,28,24,AWAY_WIN,1.8,2.0,1.6,2.4,2.2,1.2,10.8,15.2,0.90158689512,1.52017356568,491.6,515.2,205.0,213.2,385.8,402.0,36.2,46.2,18.0,15.6,25.6,27.4,1.2,1.8,1.2,3.0,2.2,2.0,0.9428174758800001,1.60657512682,-0.19999999999999996,-0.7999999999999998,1.0000000000000002,-4.399999999999999,-0.6185866705599999,-23.600000000000023,-8.199999999999989,-16.19999999999999,-10.0,2.4000000000000004,-1.7999999999999972,-0.6000000000000001,-1.8,0.20000000000000018,-0.6637576509399998
3754227,2016-04-17,331,22,40,DRAW,3.0,1.8,1.2,2.2,0.0,1.8,11.8,15.8,1.6070375336000002,1.2164284371,432.0,438.8,169.4,128.6,313.4,332.2,56.6,41.4,16.2,20.4,50.0,32.0,2.6,1.0,1.4,1.6,0.4,1.8,1.5116778158000002,1.3389792728,1.2,-1.0000000000000002,-1.8,-4.0,0.3906090965000002,-6.800000000000011,40.80000000000001,-18.80000000000001,15.200000000000003,-4.199999999999999,18.0,1.6,-0.20000000000000018,-1.4,0.1726985430000001
3754009,2016-04-17,332,1,31,DRAW,1.6,1.0,2.4,0.8,1.4,1.0,13.8,14.8,1.6620711084800004,1.45337898318,591.4,421.8,140.2,162.2,459.2,295.6,38.4,44.4,19.8,20.4,30.6,30.2,1.4,0.6,1.4,1.4,0.8,2.4,2.0465700762,1.1618349444400002,0.6000000000000001,1.5999999999999999,0.3999999999999999,-1.0,0.20869212530000048,169.59999999999997,-22.0,163.59999999999997,-6.0,-0.5999999999999979,0.40000000000000213,0.7999999999999999,0.0,-1.5999999999999999,0.8847351317599998
3754187,2016-04-18,333,30,38,AWAY_WIN,1.0,2.2,1.4,2.2,2.0,0.6,12.6,19.0,1.0689536504000001,1.683336149,504.0,551.8,169.2,202.8,368.0,407.6,38.8,38.8,24.2,18.8,25.2,26.2,1.4,2.0,1.2,1.6,1.6,0.6,1.0720006206800001,1.74550315328,-1.2000000000000002,-0.8000000000000003,1.4,-6.4,-0.6143824985999999,-47.799999999999955,-33.60000000000002,-39.60000000000002,0.0,5.399999999999999,-1.0,-0.6000000000000001,-0.40000000000000013,1.0,-0.6735025325999999
3754206,2016-04-19,334,37,36,DRAW,0.8,2.0,1.4,1.8,1.6,0.4,12.0,16.0,1.15026475612,1.5851987687000002,468.2,583.8,153.8,141.0,331.6,479.0,48.6,37.0,20.4,20.0,30.0,29.6,2.0,2.0,1.6,1.6,1.0,0.6,1.50679750254,0.9327345413,-1.2,-0.40000000000000013,1.2000000000000002,-4.0,-0.4349340125800003,-115.59999999999997,12.800000000000011,-147.39999999999998,11.600000000000001,0.3999999999999986,0.3999999999999986,0.0,0.0,0.4,0.57406296124
3754086,2016-04-20,335,40,23,HOME_WIN,1.4,0.8,2.4,0.6,2.2,1.6,17.0,10.2,1.4160454124000001,0.6265959636999999,465.0,420.6,102.2,132.8,352.8,295.0,38.0,44.2,18.4,14.2,28.8,30.8,2.2,1.2,1.8,0.6,1.0,1.4,1.4085453513800004,0.9113764344999999,0.5999999999999999,1.7999999999999998,0.6000000000000001,6.800000000000001,0.7894494487000002,44.39999999999998,-30.60000000000001,57.80000000000001,-6.200000000000003,4.199999999999999,-2.0,1.0000000000000002,1.2000000000000002,-0.3999999999999999,0.4971689168800004
3754294,2016-04-20,336,24,29,HOME_WIN,2.0,0.6,2.2,0.4,1.4,1.0,16.8,8.6,1.6589436258799999,0.6706422281600001,521.8,483.2,189.6,158.4,414.6,397.8,45.2,48.0,12.6,19.6,27.4,28.4,1.6,1.6,2.0,1.4,1.0,0.6,1.5067926439800001,1.42151044964,1.4,1.8000000000000003,0.3999999999999999,8.200000000000001,0.9883013977199998,38.599999999999966,31.19999999999999,16.80000000000001,-2.799999999999997,-7.000000000000002,-1.0,0.0,0.6000000000000001,0.4,0.08528219434000017
3754310,2016-04-20,337,39,31,HOME_WIN,1.8,1.2,0.6,0.8,0.8,0.8,8.4,13.2,0.7249060508,1.29586174572,528.8,407.6,180.6,162.4,401.2,300.8,49.8,44.8,22.2,20.2,26.0,33.8,3.0,0.8,1.8,1.6,0.4,1.8,1.1672147101,1.05181319438,0.6000000000000001,-0.20000000000000007,0.0,-4.799999999999999,-0.5709556949199999,121.19999999999993,18.19999999999999,100.39999999999998,5.0,2.0,-7.799999999999997,2.2,0.19999999999999996,-1.4,0.11540151572000013
3754284,2016-04-21,338,1,27,HOME_WIN,1.8,0.8,2.4,0.4,1.2,0.8,14.6,10.6,1.7438871566800003,0.9982533203999999,613.6,412.0,134.2,131.2,485.2,283.6,39.8,42.0,18.8,17.2,32.4,39.6,1.6,1.0,1.6,0.8,0.8,1.0,2.1641590642,0.7956926027,1.0,2.0,0.3999999999999999,4.0,0.7456338362800004,201.60000000000002,3.0,201.59999999999997,-2.200000000000003,1.6000000000000014,-7.200000000000003,0.6000000000000001,0.8,-0.19999999999999996,1.3684664615000002
3754307,2016-04-23,339,36,30,HOME_WIN,2.0,0.8,2.0,1.2,0.6,2.6,15.0,11.8,1.5657052447000002,0.9071521582000001,566.2,490.8,148.4,174.2,441.4,360.0,36.8,37.6,21.0,22.2,28.2,25.6,1.2,1.4,1.6,1.4,1.4,2.0,2.0788670284,0.9636131023200001,1.2,0.8,-2.0,3.1999999999999993,0.6585530865000001,75.40000000000003,-25.799999999999983,81.39999999999998,-0.8000000000000043,-1.1999999999999993,2.599999999999998,-0.19999999999999996,0.20000000000000018,-0.6000000000000001,1.1152539260799998
3754154,2016-04-23,340,24,37,DRAW,2.0,1.0,2.6,1.6,1.2,1.6,20.6,10.4,2.00503299578,1.09610246912,530.8,456.0,191.2,179.6,417.8,325.0,41.8,47.0,16.0,20.4,22.2,31.0,2.2,0.0,2.8,0.8,0.8,2.6,1.9288002095799999,0.8538958483199999,1.0,1.0,-0.40000000000000013,10.200000000000001,0.9089305266600001,74.79999999999995,11.599999999999994,92.80000000000001,-5.200000000000003,-4.399999999999999,-8.8,2.2,1.9999999999999998,-1.8,1.07490436126
3754242,2016-04-23,341,28,33,AWAY_WIN,1.2,1.0,1.2,1.4,2.4,1.4,11.4,14.8,0.9982875985199999,1.7135602572,499.4,594.0,188.0,165.8,376.0,457.8,35.2,39.6,21.0,13.6,21.4,18.2,1.2,2.0,1.4,1.6,2.2,0.6,1.13219215008,1.4281741613999999,0.19999999999999996,-0.19999999999999996,1.0,-3.4000000000000004,-0.71527265868,-94.60000000000002,22.19999999999999,-81.80000000000001,-4.399999999999999,7.4,3.1999999999999993,-0.8,-0.20000000000000018,1.6,-0.2959820113199998
3754282,2016-04-23,342,59,25,AWAY_WIN,0.0,2.0,0.2,1.8,2.0,1.2,10.6,15.0,0.8029001171000001,1.28382781856,409.8,464.6,207.8,148.0,315.8,359.8,40.2,41.0,19.4,19.2,21.4,27.6,0.0,1.4,0.4,0.8,3.4,1.0,0.6901883230999999,0.8472288928599999,-2.0,-1.6,0.8,-4.4,-0.48092770145999997,-54.80000000000001,59.80000000000001,-44.0,-0.7999999999999972,0.1999999999999993,-6.200000000000003,-1.4,-0.4,2.4,-0.15704056976000003
3753990,2016-04-24,343,41,1,DRAW,1.2,2.2,1.0,2.4,0.8,0.8,14.6,15.6,1.2313321116,1.8610487794000001,354.2,681.6,160.4,125.8,255.2,560.8,52.6,37.2,19.4,19.6,40.8,25.2,1.0,1.6,0.8,2.2,1.2,1.6,1.4073534023,1.3193429379600001,-1.0000000000000002,-1.4,0.0,-1.0,-0.6297166678000001,-327.40000000000003,34.60000000000001,-305.59999999999997,15.399999999999999,-0.20000000000000284,15.599999999999998,-0.6000000000000001,-1.4000000000000001,-0.40000000000000013,0.08801046433999993
3754228,2016-04-24,344,22,26,HOME_WIN,2.6,1.4,1.4,1.2,0.4,1.6,10.2,11.8,1.5595891006000002,1.11026228086,413.6,528.4,175.0,176.4,290.6,412.4,54.6,45.2,15.4,22.4,50.4,29.6,2.2,0.8,1.4,1.4,0.8,2.2,1.5300642500000001,1.13671481566,1.2000000000000002,0.19999999999999996,-1.2000000000000002,-1.6000000000000014,0.4493268197400002,-114.79999999999995,-1.4000000000000057,-121.79999999999995,9.399999999999999,-6.999999999999998,20.799999999999997,1.4000000000000001,0.0,-1.4000000000000001,0.39334943434000014
3754332,2016-04-25,345,38,27,DRAW,2.6,0.2,2.6,0.2,0.2,1.2,18.4,10.4,2.1309786950000005,1.0005018772999998,543.2,381.6,193.6,128.2,407.4,261.6,34.8,41.6,17.4,16.8,28.0,34.8,2.6,1.0,2.2,0.8,0.6,1.2,2.00546744724,0.8444989587999998,2.4,2.4,-1.0,7.999999999999998,1.1304768177000006,161.60000000000002,65.4,145.79999999999995,-6.800000000000004,0.5999999999999979,-6.799999999999997,1.6,1.4000000000000001,-0.6,1.1609684884400002
3754037,2016-04-30,346,29,28,HOME_WIN,0.6,0.6,0.4,0.8,1.4,2.8,7.6,11.4,0.60353041516,0.955689153,437.0,513.2,144.6,179.8,357.0,375.2,46.2,31.4,18.2,20.6,30.6,18.0,0.8,2.0,1.2,1.4,1.4,1.2,1.47931703262,0.861782203,0.0,-0.4,-1.4,-3.8000000000000007,-0.35215873783999996,-76.20000000000005,-35.20000000000002,-18.19999999999999,14.800000000000004,-2.400000000000002,12.600000000000001,-1.2,-0.19999999999999996,0.19999999999999996,0.6175348296200001
3754063,2016-04-30,347,23,59,HOME_WIN,0.8,0.0,0.8,0.6,2.0,2.4,9.4,11.4,0.6992744329999999,0.8437803802000001,425.6,419.0,147.4,211.2,285.4,324.0,42.8,43.8,13.0,18.8,28.2,23.0,0.6,0.0,0.4,0.2,0.8,2.0,0.8086059670999999,0.4424742312,0.8,0.20000000000000007,-0.3999999999999999,-2.0,-0.1445059472000002,6.600000000000023,-63.79999999999998,-38.60000000000002,-1.0,-5.800000000000001,5.199999999999999,0.6,0.2,-1.2,0.36613173589999987
3754132,2016-04-30,348,30,41,DRAW,0.8,1.2,1.0,0.8,3.0,0.6,11.8,14.8,0.9233578908000002,1.1741610532,468.2,358.6,176.8,168.0,343.6,251.8,33.2,50.4,22.0,20.4,26.4,37.6,1.4,1.2,1.2,1.4,1.8,1.0,1.07824865664,0.9682618667,-0.3999999999999999,0.19999999999999996,2.4,-3.0,-0.2508031623999998,109.59999999999997,8.800000000000011,91.80000000000001,-17.199999999999996,1.6000000000000014,-11.200000000000003,0.19999999999999996,-0.19999999999999996,0.8,0.10998678994
3754170,2016-04-30,349,37,31,HOME_WIN,1.0,1.2,1.8,0.8,1.8,1.0,8.2,11.6,0.8775007633199999,1.2177553048599998,433.0,381.4,194.8,167.2,304.0,288.2,47.6,43.4,23.2,22.6,29.8,30.2,1.6,0.6,1.4,1.4,1.0,2.0,1.1509312241400003,0.91749518858,-0.19999999999999996,1.0,0.8,-3.4000000000000004,-0.3402545415399999,51.60000000000002,27.600000000000023,15.800000000000011,4.200000000000003,0.5999999999999979,-0.3999999999999986,1.0,0.0,-1.0,0.23343603556000025
3754192,2016-04-30,350,27,40,AWAY_WIN,0.4,1.4,0.4,2.4,1.2,2.0,11.6,17.2,1.0895062192,1.8064212322,356.4,444.4,138.6,118.0,248.2,333.2,39.8,37.8,14.0,20.4,33.0,25.6,1.4,1.2,1.0,1.8,1.0,1.8,1.3977860621,1.3848724942,-0.9999999999999999,-2.0,-0.8,-5.6,-0.7169150129999999,-88.0,20.599999999999994,-85.0,2.0,-6.399999999999999,7.399999999999999,0.19999999999999996,-0.8,-0.8,0.01291356790000009
3754184,2016-04-30,351,1,56,HOME_WIN,1.8,1.4,2.0,0.8,0.8,1.2,17.4,11.6,1.762597118,0.9497288576799999,723.6,400.8,107.8,154.2,594.0,255.0,34.6,55.8,15.0,17.6,23.4,41.2,2.0,0.6,2.0,0.2,0.8,1.0,1.9410800106000003,0.84206126672,0.40000000000000013,1.2,-0.3999999999999999,5.799999999999999,0.81286826032,322.8,-46.39999999999999,339.0,-21.199999999999996,-2.6000000000000014,-17.800000000000004,1.4,1.8,-0.19999999999999996,1.0990187438800003
3754018,2016-05-01,352,26,24,HOME_WIN,1.4,2.2,0.8,2.6,1.8,1.0,11.0,19.6,0.8924607257999998,1.8468459117800002,557.8,560.6,186.8,188.6,452.0,428.2,43.6,42.0,23.2,17.2,31.2,20.2,2.0,1.8,0.8,2.4,0.4,1.4,1.06340054634,1.6455022246600002,-0.8000000000000003,-1.8,0.8,-8.600000000000001,-0.9543851859800004,-2.800000000000068,-1.799999999999983,23.80000000000001,1.6000000000000014,6.0,11.0,0.19999999999999996,-1.5999999999999999,-0.9999999999999999,-0.5821016783200001
3754165,2016-05-01,353,39,22,DRAW,2.4,2.6,1.0,2.0,0.6,0.4,10.2,12.0,0.9272458396000001,1.8751292112000002,555.0,395.6,181.8,173.6,429.6,277.8,44.6,54.6,21.0,19.8,24.4,49.6,3.0,2.4,1.6,1.6,0.4,0.6,0.9532879239,1.7215737116,-0.20000000000000018,-1.0,0.19999999999999996,-1.8000000000000007,-0.9478833716000001,159.39999999999998,8.200000000000017,151.8,-10.0,1.1999999999999993,-25.200000000000003,0.6000000000000001,0.0,-0.19999999999999996,-0.7682857877000001
3754320,2016-05-01,354,25,36,HOME_WIN,2.0,2.6,2.2,2.8,1.4,0.4,16.6,12.2,1.7718615196400003,1.7675457252000002,497.6,563.6,150.6,138.0,386.6,455.2,42.0,35.8,20.0,19.2,25.2,27.8,2.0,1.6,1.8,1.6,1.2,0.8,1.46640351306,0.9518694793000002,-0.6000000000000001,-0.5999999999999996,0.9999999999999999,4.400000000000002,0.004315794440000076,-66.0,12.599999999999994,-68.59999999999997,6.200000000000003,0.8000000000000007,-2.6000000000000014,0.3999999999999999,0.19999999999999996,0.3999999999999999,0.5145340337599997
3754092,2016-05-02,355,33,38,DRAW,1.4,2.2,2.0,2.4,1.4,0.4,14.0,18.2,1.6954159176,1.9167276546000003,614.2,533.8,161.4,190.0,496.0,415.2,40.0,36.0,14.4,19.2,18.0,27.0,1.2,2.0,1.8,1.8,1.6,0.6,1.7732720180000001,1.9393310840800004,-0.8000000000000003,-0.3999999999999999,0.9999999999999999,-4.199999999999999,-0.22131173700000017,80.40000000000009,-28.599999999999994,80.80000000000001,4.0,-4.799999999999999,-9.0,-0.8,0.0,1.0,-0.16605906608000032
3754210,2016-05-07,356,56,39,AWAY_WIN,1.2,2.0,0.8,1.0,1.4,0.8,13.0,13.4,1.0692376668799999,1.0724575118800002,392.8,597.0,146.0,169.6,251.0,474.0,54.2,38.6,15.8,19.8,39.2,24.6,1.0,0.8,1.2,0.6,1.8,1.4,1.06165851184,0.6338722965,-0.8,-0.19999999999999996,0.5999999999999999,-0.40000000000000036,-0.0032198450000002765,-204.2,-23.599999999999994,-223.0,15.600000000000001,-4.0,14.600000000000001,0.19999999999999996,0.6,0.40000000000000013,0.42778621533999994
3754026,2016-05-07,357,31,30,HOME_WIN,1.0,0.4,0.4,0.8,0.8,3.0,11.0,12.2,1.1250018610599999,0.7827777728,415.4,455.8,164.2,155.8,318.0,340.6,46.6,29.8,22.8,17.2,32.2,23.4,0.8,1.4,0.6,1.4,1.0,2.2,1.37537030438,1.04494245852,0.6,-0.4,-2.2,-1.1999999999999993,0.34222408825999984,-40.400000000000034,8.399999999999977,-22.600000000000023,16.8,5.600000000000001,8.800000000000004,-0.5999999999999999,-0.7999999999999999,-1.2000000000000002,0.33042784586000007
3754070,2016-05-07,358,59,37,DRAW,0.0,1.6,1.0,1.6,2.8,1.2,10.6,7.6,0.7528456598000001,0.5524471101999999,403.0,406.0,206.4,202.0,315.6,283.8,42.6,51.2,17.8,24.2,24.0,34.8,0.0,0.2,0.8,1.0,3.0,2.0,0.9224683613,0.80253223052,-1.6,-0.6000000000000001,1.5999999999999999,3.0,0.20039854960000014,-3.0,4.400000000000006,31.80000000000001,-8.600000000000001,-6.399999999999999,-10.799999999999997,-0.2,-0.19999999999999996,1.0,0.11993613077999998
3754108,2016-05-07,359,41,33,HOME_WIN,1.2,1.4,0.8,2.0,0.6,1.4,15.0,12.2,1.4139269297,1.369299603,361.0,579.0,161.4,165.2,248.0,479.0,50.4,40.2,20.2,14.4,38.4,20.2,1.2,2.4,0.8,2.4,1.0,0.8,1.2705674847000001,1.4973143971999998,-0.19999999999999996,-1.2,-0.7999999999999999,2.8000000000000007,0.044627326699999914,-218.0,-3.799999999999983,-231.0,10.199999999999996,5.799999999999999,18.2,-1.2,-1.5999999999999999,0.19999999999999996,-0.22674691249999968
3754158,2016-05-07,360,40,26,AWAY_WIN,1.8,1.4,2.6,1.2,1.6,2.0,16.2,12.8,1.7972390958000002,1.1412372188,474.2,560.4,113.6,190.0,363.0,439.0,36.2,39.8,17.6,20.8,23.6,21.4,2.2,0.8,2.0,1.2,1.2,2.6,1.6025133234999998,0.9496823942599999,0.40000000000000013,1.4000000000000001,-0.3999999999999999,3.3999999999999986,0.6560018770000002,-86.19999999999999,-76.4,-76.0,-3.5999999999999943,-3.1999999999999993,2.200000000000003,1.4000000000000001,0.8,-1.4000000000000001,0.6528309292399999
3754225,2016-05-07,361,28,27,DRAW,0.6,0.2,1.0,0.4,2.6,1.8,14.2,13.8,1.1907323956,1.3000669248999999,530.6,363.4,161.2,141.4,398.0,250.2,30.8,39.8,19.2,11.8,18.6,33.0,1.2,0.6,1.4,0.8,2.4,1.4,1.03565133042,0.8277795756999999,0.39999999999999997,0.6,0.8,0.3999999999999986,-0.10933452929999987,167.20000000000005,19.799999999999983,147.8,-8.999999999999996,7.399999999999999,-14.399999999999999,0.6,0.5999999999999999,1.0,0.20787175471999997
3754033,2016-05-07,362,22,29,HOME_WIN,2.2,1.2,2.0,0.8,0.6,1.4,13.2,8.4,1.837288075,0.6666757485600001,377.6,467.4,204.0,144.4,266.2,378.2,54.0,44.4,21.6,18.0,44.8,31.0,2.2,1.0,2.0,0.8,0.8,1.4,1.6320781144,0.91350601784,1.0000000000000002,1.2,-0.7999999999999999,4.799999999999999,1.17061232644,-89.79999999999995,59.599999999999994,-112.0,9.600000000000001,3.6000000000000014,13.799999999999997,1.2000000000000002,1.2,-0.5999999999999999,0.7185720965600001
3753992,2016-05-08,363,38,25,AWAY_WIN,1.8,2.0,2.2,2.4,0.8,1.4,17.8,16.4,2.0742735961200003,1.9918929046400002,493.2,480.8,184.6,159.6,395.0,377.0,39.2,42.8,16.6,19.4,28.0,23.6,2.2,1.4,2.2,1.4,0.8,1.4,1.77482875788,1.2188360082399998,-0.19999999999999996,-0.19999999999999973,-0.5999999999999999,1.4000000000000021,0.08238069148000005,12.399999999999977,25.0,18.0,-3.5999999999999943,-2.799999999999997,4.399999999999999,0.8000000000000003,0.8000000000000003,-0.5999999999999999,0.5559927496400001
3754314,2016-05-08,364,36,1,DRAW,2.0,1.8,2.4,1.4,1.2,0.8,10.4,16.4,1.7645790829000003,1.410190914,569.4,712.0,151.6,129.4,458.6,588.0,37.6,37.8,16.0,15.2,30.6,20.4,1.8,1.2,2.2,1.8,0.8,1.6,2.4549518915,1.4356581378800002,0.19999999999999996,1.0,0.3999999999999999,-5.999999999999998,0.35438816890000036,-142.60000000000002,22.19999999999999,-129.39999999999998,-0.19999999999999574,0.8000000000000007,10.200000000000003,0.6000000000000001,0.40000000000000013,-0.8,1.0192937536199997
3754342,2016-05-08,365,24,23,HOME_WIN,2.0,1.4,2.6,1.2,1.4,2.0,18.6,11.2,1.75029590358,0.78115906474,591.0,453.8,197.2,144.0,471.6,318.2,37.4,41.2,19.0,13.8,20.8,28.6,2.2,1.2,2.8,0.8,0.8,1.8,1.7080758515799999,1.1567544674,0.6000000000000001,1.4000000000000001,-0.6000000000000001,7.400000000000002,0.9691368388400001,137.2,53.19999999999999,153.40000000000003,-3.8000000000000043,5.199999999999999,-7.800000000000001,1.0000000000000002,1.9999999999999998,-1.0,0.5513213841799998
3754134,2016-05-10,366,40,39,HOME_WIN,1.6,2.0,2.4,1.0,2.0,0.8,17.8,14.4,2.0758837116000004,1.16225968628,459.6,610.4,119.4,156.0,362.8,483.6,34.2,41.6,19.4,16.6,23.8,23.4,1.6,1.2,2.0,0.6,2.0,1.2,1.9974082265000004,0.7350696356,-0.3999999999999999,1.4,1.2,3.4000000000000004,0.9136240253200003,-150.79999999999995,-36.599999999999994,-120.80000000000001,-7.399999999999999,2.799999999999997,0.40000000000000213,0.40000000000000013,1.4,0.8,1.2623385909000002
3753989,2016-05-11,367,41,29,HOME_WIN,1.6,1.0,1.4,0.8,1.0,1.8,12.8,8.0,1.1664886550999998,0.66161017062,334.4,474.0,175.0,130.2,237.2,374.6,47.6,44.2,18.6,19.6,34.8,33.8,1.2,0.4,1.0,0.4,1.2,1.8,1.1021698501000001,0.8154704054399999,0.6000000000000001,0.5999999999999999,-0.8,4.800000000000001,0.5048784844799997,-139.60000000000002,44.80000000000001,-137.40000000000003,3.3999999999999986,-1.0,1.0,0.7999999999999999,0.6,-0.6000000000000001,0.2866994446600002
3754207,2016-05-11,368,56,23,HOME_WIN,0.6,1.4,0.6,1.2,1.6,1.6,13.4,12.6,1.0811715456799997,0.9453526702799998,372.4,442.6,147.6,159.0,231.4,313.6,48.0,42.6,14.8,13.2,35.8,29.4,0.8,0.6,0.8,0.4,1.6,2.0,0.9718707520399998,1.06660583534,-0.7999999999999999,-0.6,0.0,0.8000000000000007,0.13581887539999993,-70.20000000000005,-11.400000000000006,-82.20000000000002,5.399999999999999,1.6000000000000014,6.399999999999999,0.20000000000000007,0.4,-0.3999999999999999,-0.09473508330000024
3754055,2016-05-11,369,24,33,DRAW,2.0,0.8,2.2,1.6,1.2,2.0,19.6,11.8,1.9971034129,1.1721206524999999,605.0,584.8,205.0,160.0,464.0,473.8,39.4,37.2,20.6,14.0,20.8,23.6,2.2,1.8,2.6,2.4,0.8,1.2,2.1112380978000003,1.4469821861,1.2,0.6000000000000001,-0.8,7.800000000000001,0.8249827604000002,20.200000000000045,45.0,-9.800000000000011,2.1999999999999957,6.600000000000001,-2.8000000000000007,0.40000000000000013,0.20000000000000018,-0.3999999999999999,0.6642559117000002
3753994,2016-05-15,370,25,31,HOME_WIN,2.6,1.0,2.8,0.6,1.4,1.0,16.4,11.6,2.0772346638399997,1.11626465734,442.6,431.2,159.4,164.0,339.2,342.2,40.0,41.0,23.2,20.8,25.8,28.6,2.0,0.6,2.4,1.0,1.6,1.6,1.91077104386,0.8656667541799999,1.6,2.1999999999999997,0.3999999999999999,4.799999999999999,0.9609700064999998,11.400000000000034,-4.599999999999994,-3.0,-1.0,2.3999999999999986,-2.8000000000000007,1.4,1.4,0.0,1.0451042896800002
3754041,2016-05-15,371,1,59,HOME_WIN,1.8,0.2,1.2,1.0,0.6,2.0,15.2,8.0,1.2190726904000002,0.5621691929600001,675.0,403.2,136.2,199.0,552.2,311.2,41.0,45.2,16.2,17.6,23.2,29.0,2.0,0.0,1.8,0.6,0.6,2.2,1.5547996204,0.5341219686,1.6,0.19999999999999996,-1.4,7.199999999999999,0.6569034974400001,271.8,-62.80000000000001,241.00000000000006,-4.200000000000003,-1.4000000000000021,-5.800000000000001,2.0,1.2000000000000002,-1.6,1.0206776518
3754042,2016-05-15,372,27,24,DRAW,0.4,1.6,0.4,2.0,1.6,1.2,13.6,21.4,1.3967591427,2.11981803554,354.2,616.6,167.6,201.4,246.6,481.2,41.2,37.6,12.0,20.4,30.2,19.6,1.2,1.8,0.8,2.6,1.4,1.6,1.1998269867000002,1.71113486026,-1.2000000000000002,-1.6,0.40000000000000013,-7.799999999999999,-0.7230588928399999,-262.40000000000003,-33.80000000000001,-234.6,3.6000000000000014,-8.399999999999999,10.599999999999998,-0.6000000000000001,-1.8,-0.20000000000000018,-0.5113078735599998
3754123,2016-05-15,373,29,56,HOME_WIN,0.8,0.6,0.8,0.8,2.4,1.6,9.6,14.4,0.76995989482,1.2587305202799999,510.4,406.2,141.0,145.6,393.4,260.2,42.0,46.6,16.8,16.0,33.8,33.2,0.8,0.6,1.0,0.2,1.6,0.8,1.03603920062,0.77585277772,0.20000000000000007,0.0,0.7999999999999998,-4.800000000000001,-0.48877062545999983,104.19999999999999,-4.599999999999994,133.2,-4.600000000000001,0.8000000000000007,0.5999999999999943,0.20000000000000007,0.8,0.8,0.26018642290000005
3754149,2016-05-15,374,26,36,DRAW,1.8,1.6,1.6,2.4,1.8,1.4,13.2,10.6,1.5950280723999999,1.4946250689,543.4,562.8,191.4,160.4,414.0,451.8,41.0,40.6,18.6,15.6,24.6,31.2,2.4,1.6,1.2,2.0,0.4,1.0,1.0649300812,1.0613611905,0.19999999999999996,-0.7999999999999998,0.40000000000000013,2.5999999999999996,0.10040300349999987,-19.399999999999977,31.0,-37.80000000000001,0.3999999999999986,3.0000000000000018,-6.599999999999998,0.7999999999999998,-0.8,-0.6,0.0035688906999999936
3754199,2016-05-15,375,30,40,HOME_WIN,0.2,2.0,0.6,2.4,3.0,1.8,12.2,18.2,0.8474448749000001,2.2065035882,422.4,451.2,144.4,129.4,314.6,352.2,31.0,36.0,14.4,16.8,25.8,23.0,1.0,1.8,1.0,2.4,1.8,1.6,0.7051920473000001,1.3775690854,-1.8,-1.7999999999999998,1.2,-6.0,-1.3590587132999998,-28.80000000000001,15.0,-37.599999999999966,-5.0,-2.4000000000000004,2.8000000000000007,-0.8,-1.4,0.19999999999999996,-0.6723770380999999
3754229,2016-05-15,376,33,22,DRAW,1.0,2.2,1.8,2.4,2.0,0.8,12.6,17.4,0.9877538040600001,2.4773578374000005,545.0,374.4,165.2,190.4,430.6,265.6,37.6,48.8,14.4,22.2,23.4,39.0,1.2,2.0,2.0,1.2,1.8,0.6,1.5563618614,1.6199178291999998,-1.2000000000000002,-0.5999999999999999,1.2,-4.799999999999999,-1.4896040333400005,170.60000000000002,-25.200000000000017,165.0,-11.199999999999996,-7.799999999999999,-15.600000000000001,-0.8,0.8,1.2000000000000002,-0.06355596779999972
3754308,2016-05-15,377,23,41,DRAW,1.2,2.2,1.4,2.0,2.2,0.6,12.6,12.8,1.25357590238,1.4080352885199998,453.8,332.2,137.8,160.0,323.2,235.6,42.2,40.8,14.2,16.8,29.6,30.4,1.0,1.2,1.0,1.2,1.2,0.8,0.8547279722399999,1.2207336183,-1.0000000000000002,-0.6000000000000001,1.6,-0.20000000000000107,-0.15445938613999988,121.60000000000002,-22.19999999999999,87.6,1.4000000000000057,-2.6000000000000014,-0.7999999999999972,-0.19999999999999996,-0.19999999999999996,0.3999999999999999,-0.3660056460600001
3754333,2016-05-15,378,37,38,HOME_WIN,1.8,1.6,1.4,2.2,0.6,1.0,8.4,18.0,0.6916521784,2.2037513825200006,418.6,511.2,203.0,178.4,290.2,413.2,50.8,39.8,21.8,15.4,39.8,26.6,1.6,1.6,1.4,1.8,1.0,0.8,0.9348030524000001,2.1523711552,0.19999999999999996,-0.8000000000000003,-0.4,-9.6,-1.5120992041200005,-92.59999999999997,24.599999999999994,-123.0,11.0,6.4,13.199999999999996,0.0,-0.40000000000000013,0.19999999999999996,-1.2175681028
3754159,2016-05-17,379,39,28,HOME_WIN,2.0,0.8,1.4,1.2,0.8,2.0,13.8,14.6,1.22674257828,1.15811239068,612.4,554.0,153.8,154.2,485.8,415.0,43.8,34.0,12.4,15.2,27.2,21.0,2.6,1.4,1.2,1.2,0.2,1.4,1.11423753538,0.9973832202,1.2,0.19999999999999996,-1.2,-0.7999999999999989,0.06863018760000017,58.39999999999998,-0.39999999999997726,70.80000000000001,9.799999999999997,-2.799999999999999,6.199999999999999,1.2000000000000002,0.0,-1.2,0.11685431518
